timestep,SE1_chp,SE1_gasturbine,SE1_hydro,SE1_solar,SE1_wind,SE2_chp,SE2_gasturbine,SE2_hydro,SE2_solar,SE2_wind,SE3_chp,SE3_gasturbine,SE3_hydro,SE3_nuclear,SE3_solar,SE3_wind,SE4_chp,SE4_condensing,SE4_gasturbine,SE4_hydro,SE4_solar,SE4_wind,SE1_chp_district,SE1_chp_industry,SE2_chp_district,SE2_chp_industry,SE3_chp_district,SE3_chp_industry,SE4_chp_district,SE4_chp_industry
2024-01-08 00:00:00,0.10729323308270676,0.0,0.560398428731762,0.0,0.6228150843532915,0.2378449408672799,0.015,0.4761429625984252,0.0,0.5003199652526422,0.27217339667458434,0.00011061946902654868,0.5119499036608863,0.9096151073951276,0.0,0.16811074083568314,0.13977142857142857,0.0,0.0,0.6027665706051873,0.0,0.2750020652622883,0.8,0.8,0.8,0.8,0.8,0.8,0.8,0.8
2024-01-08 01:00:00,0.11857142857142856,0.0,0.5854152637485971,0.0,0.6102117102216341,0.23088042049934296,0.02,0.48867002952755906,0.0,0.4950209931953091,0.2665241488519398,0.00011061946902654868,0.5104046242774567,0.9096151073951276,0.0,0.18424762881312484,0.13805714285714285,0.0,0.0,0.6018731988472622,0.0,0.24719950433705082,0.8,0.8,0.8,0.8,0.8,0.8,0.8,0.8
2024-01-08 02:00:00,0.11857142857142856,0.0,0.5946726524504302,0.0,0.5696725107509096,0.2325886990801577,0.015,0.4996862696850394,0.0,0.49495005067323006,0.27108076009501186,0.00011061946902654868,0.5054720616570327,0.9094709528614675,0.0,0.19198923352986416,0.13721142857142857,0.0,0.0,0.6017867435158502,0.0,0.22209417596034697,0.8,0.8,0.8,0.8,0.8,0.8,0.8,0.8
2024-01-08 03:00:00,0.11857142857142856,0.0,0.6367489711934157,0.0,0.549014224280516,0.23035479632063077,0.025,0.5025750492125984,0.0,0.4866150282322282,0.28733570863024543,0.00011061946902654868,0.5053179190751445,0.9097592619287876,0.0,0.20821584209177135,0.1514857142857143,0.0,0.0,0.6017291066282421,0.0,0.1945518380834366,0.8,0.8,0.8,0.8,0.8,0.8,0.8,0.8
2024-01-08 04:00:00,0.11857142857142856,0.0,0.6365151515151515,0.0,0.5513728084684089,0.22759526938239158,0.025,0.5223326771653544,0.0,0.48069784276820615,0.3139746634996041,0.00011061946902654868,0.5100847784200385,0.9096151073951276,0.0,0.22111253524737245,0.1684114285714286,0.0,0.0,0.6015561959654179,0.0,0.16782734407269723,0.8,0.8,0.8,0.8,0.8,0.8,0.8,0.8
2024-01-08 05:00:00,0.11857142857142856,0.0,0.5704919566030677,0.0,0.5342308964604697,0.23350854139290406,0.025,0.6094685039370079,0.0,0.4795685536412335,0.3532501979414093,0.00011061946902654868,0.5660924855491329,0.9096151073951276,0.0,0.24867726224045117,0.1722857142857143,0.0,0.0,0.6019884726224783,0.0,0.14503097893432465,0.8,0.8,0.8,0.8,0.8,0.8,0.8,0.8
2024-01-08 06:00:00,0.11857142857142856,0.0,0.5606546950991396,0.0,0.5131392656301688,0.23705650459921157,0.005,0.6392839566929134,0.0,0.47738960474880554,0.36836104513064133,0.0,0.6638342967244701,0.9096151073951276,0.0,0.29427069982055887,0.18717714285714285,0.0,0.0,0.6023919308357348,0.0,0.11457662123089632,0.8,0.8,0.8,0.8,0.8,0.8,0.8,0.8
2024-01-08 07:00:00,0.11857142857142856,0.0,0.5618200523756078,0.0,0.5338273238504797,0.238107752956636,0.0,0.6465280511811023,0.0,0.49290574779209495,0.3705146476642914,0.0,0.6671946050096339,0.9093267983278074,0.00011808910359634998,0.3058446552166111,0.19490285714285713,0.0,0.0,0.6013256484149856,0.0003143313798614811,0.10651383725733168,0.8,0.8,0.8,0.8,0.8,0.8,0.8,0.8
2024-01-08 08:00:00,0.11857142857142856,0.0,0.5622727272727273,0.0,0.5370426728415482,0.235742444152431,0.0,0.6540280511811023,9.80392156862745e-05,0.4773548573910526,0.37625494853523356,0.0,0.6685240847784201,0.9094709528614675,0.0017391304347826088,0.31692642912073826,0.19523428571428572,0.0,0.0,0.600835734870317,0.0051038891848694725,0.10349855431639818,0.8,0.8,0.8,0.8,0.8,0.8,0.8,0.8
2024-01-08 09:00:00,0.11857142857142856,0.0,0.5350804339693228,0.0010344827586206897,0.5617267614952034,0.23508541392904075,0.0,0.6340317421259842,0.0005392156862745098,0.4552121036629506,0.37801266825019797,0.0,0.6689210019267823,0.9094709528614675,0.006414385399892646,0.3112176365034606,0.18936,0.0,0.0,0.603371757925072,0.01484283431006926,0.0932135481206113,0.8,0.8,0.8,0.8,0.8,0.8,0.8,0.8
2024-01-08 10:00:00,0.10729323308270676,0.0,0.49162551440329216,0.003448275862068966,0.5893781012239497,0.23547963206307487,0.0,0.6419721948818897,0.0011274509803921569,0.4564890690603735,0.3694932699920824,0.0,0.638431599229287,0.9096151073951276,0.01107890499194847,0.31036400922840296,0.1978057142857143,0.0,0.0,0.5945244956772334,0.02435801811401172,0.09237918215613383,0.8,0.8,0.8,0.8,0.8,0.8,0.8,0.8
2024-01-08 11:00:00,0.09601503759398496,0.0,0.4908193041526375,0.004137931034482759,0.5873999338405558,0.22943495400788436,0.0,0.6120140255905512,0.0012254901960784314,0.4974779209497611,0.3618012668250198,0.00011061946902654868,0.6340269749518305,0.9094709528614675,0.012211486849168009,0.3058549089976929,0.19824,0.0,0.0,0.5705763688760808,0.027932871603622803,0.09787277984304006,0.8,0.8,0.8,0.8,0.8,0.8,0.8,0.8
2024-01-08 12:00:00,0.09601503759398496,0.0,0.5024579124579124,0.001724137931034483,0.5943036718491564,0.22746386333771354,0.0,0.6029773622047244,0.000980392156862745,0.4828478355291733,0.359750593824228,0.00011061946902654868,0.6218574181117534,0.9093267983278074,0.008647342995169081,0.3084029735965137,0.19562285714285713,0.0,0.0,0.5706916426512968,0.020788492274906766,0.11174308137133415,0.8,0.8,0.8,0.8,0.8,0.8,0.8,0.8
2024-01-08 13:00:00,0.09601503759398496,0.0,0.499552936775159,0.0,0.5992854780019848,0.22864651773981604,0.0,0.5824544783464567,0.0003431372549019608,0.5044418705660924,0.37513855898653997,0.00011061946902654868,0.626466281310212,0.9088943347268271,0.0032313472893183036,0.3211125352473725,0.1964,0.0,0.0,0.5708069164265129,0.009621736814064996,0.13678232135481205,0.8,0.8,0.8,0.8,0.8,0.8,0.8,0.8
2024-01-08 14:00:00,0.09601503759398496,0.0,0.492846988402544,0.0,0.5902811776381078,0.22233902759526936,0.0,0.5809239665354331,0.0,0.5247994787896337,0.3814528899445764,0.00011061946902654868,0.6401965317919075,0.9088943347268271,0.0005045625335480408,0.33728531145860036,0.19606857142857143,0.0,0.0,0.5712968299711816,0.001656899307405434,0.17714580751755474,0.8,0.8,0.8,0.8,0.8,0.8,0.8,0.8
2024-01-08 15:00:00,0.08624060150375941,0.0,0.4794145155256266,0.0,0.601885544161429,0.23850197109067017,0.0,0.5467778051181102,0.0,0.5623280729694513,0.3810095011876484,0.00011061946902654868,0.6533757225433526,0.9088943347268271,0.0,0.3476852089207895,0.20789714285714286,0.0,0.0,0.5713544668587895,0.0,0.2182280049566295,0.8,0.8,0.8,0.8,0.8,0.8,0.8,0.8
2024-01-08 16:00:00,0.08624060150375941,0.0,0.47042648709315377,0.0,0.6302811776381078,0.23442838370565047,0.0,0.5284621062992126,0.0,0.5788055595772404,0.37358669833729213,0.00011061946902654868,0.676131021194605,0.9090384892604872,0.0,0.349682132786465,0.21184000000000003,0.0,0.0,0.5734582132564842,0.0,0.24485749690210654,0.8,0.8,0.8,0.8,0.8,0.8,0.8,0.8
2024-01-08 17:00:00,0.06744360902255639,0.0,0.46243733632622525,0.0,0.6675355607012902,0.22890932982917211,0.0,0.5036146653543307,0.0,0.6120182423628203,0.37527711797308,0.00011061946902654868,0.6756184971098266,0.9090384892604872,0.0,0.34269161753396565,0.2068342857142857,0.0,0.0,0.5710374639769452,0.0,0.24897976042957454,0.8,0.8,0.8,0.8,0.8,0.8,0.8,0.8
2024-01-08 18:00:00,0.06744360902255639,0.0,0.4600748222970445,0.0,0.7012570294409527,0.22207621550591328,0.0,0.4866756889763779,0.0,0.6226596206746778,0.37485748218527315,0.00011061946902654868,0.6746242774566474,0.9087501801931671,0.0,0.33143296590617793,0.20406857142857143,0.0,0.0,0.5988472622478387,0.0,0.2470053696819496,0.8,0.8,0.8,0.8,0.8,0.8,0.8,0.8
2024-01-08 19:00:00,0.06744360902255639,0.0,0.4566517022072578,0.0,0.7173900099239167,0.2281208935611038,0.0,0.46241633858267717,0.0,0.6233415375705805,0.3747070467141726,0.00011061946902654868,0.6393256262042389,0.9087501801931671,0.0,0.31967956934119457,0.19685714285714287,0.0,0.0,0.5984438040345821,0.0,0.2469475423378769,0.8,0.8,0.8,0.8,0.8,0.8,0.8,0.8
2024-01-08 20:00:00,0.06744360902255639,0.0,0.4582192293303404,0.0,0.740899768441945,0.22588699080157687,0.0,0.41794168307086615,0.0,0.631802519183437,0.3565835312747427,0.00011061946902654868,0.5498304431599229,0.9087501801931671,0.0,0.31342219943604205,0.17872,0.0,0.0,0.5984149855907781,0.0,0.24517967781908304,0.8,0.8,0.8,0.8,0.8,0.8,0.8,0.8
2024-01-08 21:00:00,0.06744360902255639,0.0,0.44664047886270103,0.0,0.7324015878266623,0.22772667542706965,0.0,0.379753937007874,0.0,0.6444910959895758,0.3198376880443389,0.00011061946902654868,0.533926782273603,0.9088943347268271,0.0,0.3191207382722379,0.1540342857142857,0.0,0.0,0.5931988472622478,0.0,0.24536555142503097,0.8,0.8,0.8,0.8,0.8,0.8,0.8,0.8
2024-01-08 22:00:00,0.07045112781954886,0.0,0.43886457164234943,0.0,0.7453820707906054,0.22536136662286466,0.0,0.3288213582677165,0.0,0.7724279716229911,0.29781076801266826,0.00011061946902654868,0.5323468208092486,0.9087501801931671,0.0,0.3424122019994873,0.14731428571428573,0.0,0.0,0.5934582132564842,0.0,0.2347914085088806,0.8,0.8,0.8,0.8,0.8,0.8,0.8,0.8
2024-01-08 23:00:00,0.0768421052631579,0.0,0.3371305649083427,0.0,0.7596394310287793,0.19526938239159,0.005,0.285289124015748,0.0,0.7825770957000145,0.29032462391132224,0.00011061946902654868,0.5236608863198459,0.908606025659507,5.367686527106817e-06,0.3823481158677262,0.1446285714285714,0.0,0.0,0.614985590778098,0.0,0.23816191656340358,0.8,0.8,0.8,0.8,0.8,0.8,0.8,0.8
2024-01-09 00:00:00,0.0768421052631579,0.0,0.32496071829405165,0.0,0.7535957657955673,0.18922470433639949,0.015,0.2754035433070866,0.0,0.793185174460692,0.2803206650831354,0.00011061946902654868,0.5018689788053949,0.9087501801931671,1.0735373054213634e-05,0.39266854652653166,0.1423657142857143,0.0,0.0,0.6176080691642651,0.0,0.25092936802973975,0.8,0.8,0.8,0.8,0.8,0.8,0.8,0.8
2024-01-09 01:00:00,0.0768421052631579,0.0,0.3229741863075196,0.0,0.7562818392325503,0.18501971090670172,0.015,0.27479330708661415,0.0,0.8034863182278847,0.26988519398258115,0.00011061946902654868,0.47877456647398847,0.9087501801931671,5.367686527106817e-06,0.4094283517046911,0.14517714285714287,0.0,0.0,0.6198270893371758,0.0,0.2617430813713341,0.8,0.8,0.8,0.8,0.8,0.8,0.8,0.8
2024-01-09 02:00:00,0.0768421052631579,0.0,0.319040404040404,0.0,0.7579259014224281,0.1900131406044678,0.015,0.272855561023622,0.0,0.8029607644418706,0.2665320665083135,0.00011061946902654868,0.47287090558766853,0.9087501801931671,5.367686527106817e-06,0.41469110484491156,0.14347428571428572,0.0,0.0,0.6190489913544669,0.0,0.2800371747211896,0.8,0.8,0.8,0.8,0.8,0.8,0.8,0.8
2024-01-09 03:00:00,0.0768421052631579,0.0,0.33052001496445943,0.0,0.7414588157459476,0.18777923784494088,0.025,0.26789000984251965,0.0,0.8063167800781815,0.2726444972288203,0.00011061946902654868,0.4721772639691715,0.9087501801931671,5.367686527106817e-06,0.42136887977441684,0.15952000000000002,0.0,0.0,0.6192795389048991,0.0,0.2894712928541925,0.8,0.8,0.8,0.8,0.8,0.8,0.8,0.8
2024-01-09 04:00:00,0.07834586466165414,0.0,0.3446932285821175,0.0,0.7321700297717499,0.18383705650459922,0.025,0.27023991141732284,0.0,0.8113363254669176,0.287763262074426,0.00011061946902654868,0.47870905587668594,0.908606025659507,1.0735373054213634e-05,0.41497564726993075,0.18466285714285716,0.0,0.0,0.6191354466858789,0.0,0.2917637339942173,0.8,0.8,0.8,0.8,0.8,0.8,0.8,0.8
2024-01-09 05:00:00,0.07834586466165414,0.0,0.34528058361391695,0.0,0.7186437313926564,0.20039421813403416,0.015,0.31606422244094484,0.0,0.8169292022585782,0.37163895486935866,0.00011061946902654868,0.5249132947976879,0.9087501801931671,1.610305958132045e-05,0.42057933863112024,0.18769142857142856,0.0,0.0,0.6271469740634006,0.0,0.2864064436183395,0.8,0.8,0.8,0.8,0.8,0.8,0.8,0.8
2024-01-09 06:00:00,0.07834586466165414,0.0,0.3707931163486719,0.0,0.7307277538868673,0.20735873850197112,0.0,0.35611466535433073,0.0,0.8045388736064861,0.44739509105304825,0.0,0.5891059730250482,0.9088943347268271,1.610305958132045e-05,0.42241476544475776,0.19618285714285713,0.0,0.0,0.6288472622478386,0.0,0.2851920693928129,0.8,0.8,0.8,0.8,0.8,0.8,0.8,0.8
2024-01-09 07:00:00,0.07834586466165414,0.0,0.4036213991769548,0.0,0.6808071452199801,0.2090670170827858,0.0,0.3600307578740157,0.0,0.8101100332995512,0.4576088677751386,0.0,0.6327899807321772,0.9088943347268271,0.00016639828234031132,0.4139835939502692,0.20664,0.0,0.0,0.6306628242074928,0.0003516249334043687,0.2776042957455597,0.8,0.8,0.8,0.8,0.8,0.8,0.8,0.8
2024-01-09 08:00:00,0.07834586466165414,0.0,0.38430789375233826,0.0,0.6817929209394641,0.20919842312746384,0.0,0.366363188976378,0.00014705882352941175,0.8047632836253077,0.4666112430720507,0.0,0.634990366088632,0.9090384892604872,0.00143317230273752,0.4080569084850038,0.2045142857142857,0.0,0.0,0.6312103746397695,0.0032498668087373467,0.2706443618339529,0.8,0.8,0.8,0.8,0.8,0.8,0.8,0.8
2024-01-09 09:00:00,0.07834586466165414,0.0,0.3825215114104003,0.0006896551724137932,0.6739960304333443,0.21222076215505914,0.0,0.3726045767716536,0.001715686274509804,0.8077385261329086,0.45475059382422806,0.00663716814159292,0.5980809248554914,0.9093267983278074,0.004707461084272678,0.40767495513970775,0.19729142857142856,0.0,0.0,0.6276080691642651,0.009152903569525838,0.2677240809582817,0.8,0.8,0.8,0.8,0.8,0.8,0.8,0.8
2024-01-09 10:00:00,0.07383458646616542,0.0,0.3867414889637112,0.002413793103448276,0.6437380086007277,0.21116951379763468,0.0,0.37380905511811024,0.0027941176470588232,0.7995902707398292,0.458535233570863,0.0,0.6001078998073217,0.9093267983278074,0.009431025228126678,0.38705460138426045,0.19932571428571427,0.0,0.0,0.630835734870317,0.0164411294619073,0.2502602230483271,0.8,0.8,0.8,0.8,0.8,0.8,0.8,0.8
2024-01-09 11:00:00,0.09263157894736843,0.0,0.4181088664421998,0.003103448275862069,0.5886536553092954,0.20801576872536137,0.0,0.39534325787401575,0.0031862745098039215,0.8038613001303027,0.47848772763262076,0.00011061946902654868,0.5656570327552987,0.9091826437941474,0.011309715512614064,0.37789284798769546,0.1978857142857143,0.0,0.0,0.6367435158501441,0.018700053276505063,0.23654688145394462,0.8,0.8,0.8,0.8,0.8,0.8,0.8,0.8
2024-01-09 12:00:00,0.09263157894736843,0.0,0.4202693602693603,0.0013793103448275863,0.5369963612305656,0.21077529566360054,0.0,0.40396776574803145,0.0022058823529411764,0.8001346460112928,0.47879255740300874,0.00011061946902654868,0.5639383429672448,0.9090384892604872,0.007128287707997853,0.3813740066649577,0.19764571428571429,0.0,0.0,0.6368011527377522,0.014576451784762919,0.23129285419248247,0.8,0.8,0.8,0.8,0.8,0.8,0.8,0.8
2024-01-09 13:00:00,0.09263157894736843,0.0,0.4157482229704452,0.0,0.5222461131326497,0.20854139290407359,0.0,0.4185433070866142,0.000588235294117647,0.801832923121471,0.47780285035629455,0.00011061946902654868,0.5989980732177265,0.9088943347268271,0.0023993558776167472,0.38950781850807487,0.19702857142857144,0.0,0.0,0.6374639769452449,0.005556739477890251,0.24437009500206527,0.8,0.8,0.8,0.8,0.8,0.8,0.8,0.8
2024-01-09 14:00:00,0.09263157894736843,0.0,0.41450617283950614,0.0,0.5408468408865366,0.18948751642575556,0.0,0.41894192913385825,0.0,0.8158983639785724,0.4832779097387173,0.0,0.5972793834296725,0.9083177165921869,0.00041331186258722493,0.406236862342989,0.2114514285714286,0.0,0.0,0.6380403458213256,0.0009376664890783165,0.25588186699710863,0.8,0.8,0.8,0.8,0.8,0.8,0.8,0.8
2024-01-09 15:00:00,0.09263157894736843,0.0,0.41189113355780016,0.0,0.5464207740654978,0.19329829172141919,0.0,0.4221628937007874,0.0,0.8202996959606197,0.4840815518606492,0.0,0.6615992292870905,0.9084618711258469,2.1470746108427268e-05,0.42202768520892076,0.21706285714285714,0.0,0.0,0.6378386167146974,0.00014384656366542355,0.26847170590665015,0.8,0.8,0.8,0.8,0.8,0.8,0.8,0.8
2024-01-09 16:00:00,0.09263157894736843,0.0,0.40117658062102507,0.0,0.5520674826331459,0.18318002628120894,0.0,0.41872539370078743,0.0,0.8213348776603446,0.491409342834521,0.0,0.6680269749518304,0.9081735620585267,3.757380568974772e-05,0.4226890540886952,0.21489142857142857,0.0,0.0,0.6378386167146974,0.00014917421417155036,0.27446096654275093,0.8,0.8,0.8,0.8,0.8,0.8,0.8,0.8
2024-01-09 17:00:00,0.09263157894736843,0.0,0.4000598578376356,0.0,0.5228349321865696,0.18055190538764784,0.0,0.4193503937007874,0.0,0.8211625886781526,0.4913776722090261,0.0,0.668354527938343,0.9080294075248666,2.6838432635534087e-05,0.42961804665470393,0.23434285714285716,0.0,0.0,0.6377809798270894,0.00013319126265316994,0.27125980999586946,0.8,0.8,0.8,0.8,0.8,0.8,0.8,0.8
2024-01-09 18:00:00,0.09263157894736843,0.0,0.40245230078563415,0.0,0.4961098246774727,0.18501971090670172,0.0,0.4168885334645669,0.0,0.8261054003185174,0.4867458432304038,0.00011061946902654868,0.6679653179190751,0.9081735620585267,1.0735373054213634e-05,0.41648807997949244,0.2364,0.0,0.0,0.6379250720461096,0.00012253596164091637,0.26082610491532426,0.8,0.8,0.8,0.8,0.8,0.8,0.8,0.8
2024-01-09 19:00:00,0.09263157894736843,0.0,0.39252525252525255,0.0,0.47913992722461135,0.18646517739816032,0.0,0.40836491141732284,0.0,0.8104285507456204,0.4741369754552653,0.00011061946902654868,0.6686127167630057,0.9080294075248666,1.0735373054213634e-05,0.41743142783901566,0.23025142857142858,0.0,0.0,0.6372910662824207,0.00012253596164091637,0.25631970260223047,0.8,0.8,0.8,0.8,0.8,0.8,0.8,0.8
2024-01-09 20:00:00,0.09263157894736843,0.0,0.3903591470258137,0.0,0.4975818723122726,0.1909329829172142,0.0,0.3999593996062992,0.0,0.8164760388012161,0.45155581947743473,0.00011061946902654868,0.5955722543352601,0.9083177165921869,5.367686527106817e-06,0.41489874391181747,0.22076571428571426,0.0,0.0,0.6356195965417868,0.00011188066062866276,0.24962412226352748,0.8,0.8,0.8,0.8,0.8,0.8,0.8,0.8
2024-01-09 21:00:00,0.09263157894736843,0.0,0.3837242798353909,0.0,0.52327158451869,0.1897503285151117,0.0,0.4044562007874016,0.0,0.8163037498190242,0.41880839271575615,0.00011061946902654868,0.5549479768786126,0.9083177165921869,5.367686527106817e-06,0.41646500897205846,0.20098285714285716,0.0,0.0,0.6353602305475504,0.00011188066062866276,0.23734820322180916,0.8,0.8,0.8,0.8,0.8,0.8,0.8,0.8
2024-01-09 22:00:00,0.09263157894736843,0.0,0.3831481481481481,0.0,0.528319550115779,0.21379763469119578,0.0,0.39372539370078735,0.0,0.8086796004053859,0.37527711797308,0.00011061946902654868,0.49258959537572256,0.9081735620585267,1.0735373054213634e-05,0.40678543963086383,0.1720914285714286,0.0,0.0,0.6215561959654179,0.00010655301012253597,0.24238331268071042,0.8,0.8,0.8,0.8,0.8,0.8,0.8,0.8
2024-01-09 23:00:00,0.09451127819548873,0.0,0.35682753460531236,0.0,0.5272411511743301,0.2014454664914586,0.0,0.3795681594488189,0.0,0.7955726074996381,0.34560174188440224,0.00011061946902654868,0.4516685934489402,0.9075969439238865,0.0,0.39173288900281983,0.18608,0.0,0.0,0.6370605187319884,0.0,0.2438868236266006,0.8,0.8,0.8,0.8,0.8,0.8,0.8,0.8
2024-01-10 00:00:00,0.09451127819548873,0.0,0.3651234567901235,0.0,0.5119550115779028,0.20183968462549276,0.01,0.3787782972440945,0.0,0.8006848125090488,0.3401543942992874,0.00011061946902654868,0.43786127167630057,0.9073086348565662,0.0,0.38595231991796974,0.1974742857142857,0.0,0.0,0.6389337175792508,0.0,0.23274679884345312,0.8,0.8,0.8,0.8,0.8,0.8,0.8,0.8
2024-01-10 01:00:00,0.09451127819548873,0.0,0.36657687991021326,0.0,0.49498842209725435,0.19448094612352168,0.015,0.3791683070866142,0.0,0.7937078326335602,0.34086302454473477,0.00011061946902654868,0.44541425818882463,0.9075969439238865,0.0,0.37311714944885926,0.19582857142857144,0.0,0.0,0.6389913544668587,0.0,0.22389921520033043,0.8,0.8,0.8,0.8,0.8,0.8,0.8,0.8
2024-01-10 02:00:00,0.09451127819548873,0.0,0.3825084175084175,0.0,0.5314555077737346,0.20078843626806836,0.015,0.3836970964566929,0.0,0.7877703778775156,0.3459461599366588,0.00011061946902654868,0.43066666666666664,0.9075969439238865,0.0,0.36281722635221736,0.1925257142857143,0.0,0.0,0.6347262247838616,0.0,0.21589838909541514,0.8,0.8,0.8,0.8,0.8,0.8,0.8,0.8
2024-01-10 03:00:00,0.09451127819548873,0.0,0.3854769921436588,0.0,0.6069533575917962,0.1727989487516426,0.025,0.38399114173228344,0.0,0.7817330244679311,0.36256927949327,0.00011061946902654868,0.4311368015414258,0.9075969439238865,0.0,0.3509151499615483,0.20504,0.0,0.0,0.6385590778097983,0.0,0.20580751755472945,0.8,0.8,0.8,0.8,0.8,0.8,0.8,0.8
2024-01-10 04:00:00,0.09451127819548873,0.0,0.3540647212869435,0.0,0.682077406549785,0.17936925098554535,0.025,0.38654035433070866,0.0,0.7845692775445201,0.38866191607284245,0.00011061946902654868,0.4777610789980732,0.9075969439238865,0.0,0.33877210971545757,0.27933714285714284,0.0,0.0,0.6401729106628241,0.0,0.19561338289962824,0.8,0.8,0.8,0.8,0.8,0.8,0.8,0.8
2024-01-10 05:00:00,0.09451127819548873,0.0,0.34668724279835395,0.0,0.6965497849818062,0.16149802890932985,0.01,0.39171875,0.0,0.791311712755176,0.42909738717339674,0.00011061946902654868,0.5017764932562621,0.9074527893902263,0.0,0.3300179441168931,0.28891428571428573,0.0,0.0,0.6486167146974063,0.0,0.17438248657579514,0.8,0.8,0.8,0.8,0.8,0.8,0.8,0.8
2024-01-10 06:00:00,0.09451127819548873,0.0,0.3517807706696595,0.0,0.6962752232881244,0.1630749014454665,0.0,0.3898412893700788,0.0,0.7861213261908209,0.4582541567695962,0.00044247787610619474,0.6330443159922928,0.9080294075248666,0.0,0.3151422712125096,0.3303771428571428,0.0,0.0,0.6497406340057638,0.0,0.16335811648079307,0.8,0.8,0.8,0.8,0.8,0.8,0.8,0.8
2024-01-10 07:00:00,0.09451127819548873,0.0,0.3506359895248784,0.0,0.7088984452530599,0.1542706964520368,0.0,0.39001476377952754,0.0,0.793981468075865,0.4537925574030087,0.0008849557522123895,0.650169556840077,0.9080294075248666,0.00016103059581320451,0.3125660087157139,0.3094628571428571,0.0,0.0,0.6562824207492796,0.00020777836973894512,0.1479140850888063,0.8,0.8,0.8,0.8,0.8,0.8,0.8,0.8
2024-01-10 08:00:00,0.09451127819548873,0.0,0.3411129816685372,0.0,0.704948726430698,0.12706964520367936,0.0,0.387566437007874,0.00014705882352941175,0.7970783263356016,0.47047901821060967,0.000663716814159292,0.6503660886319846,0.9090384892604872,0.0021631776704240475,0.3138144065624199,0.3097371428571428,0.0,0.0,0.6575792507204611,0.002956846030900373,0.13418422139611733,0.8,0.8,0.8,0.8,0.8,0.8,0.8,0.8
2024-01-10 09:00:00,0.07571428571428572,0.0,0.33627572016460905,0.0010344827586206897,0.7344558385709561,0.12680683311432325,0.0,0.37769562007874014,0.001715686274509804,0.7955595772404808,0.4763816310372129,0.00011061946902654868,0.6471946050096339,0.9091826437941474,0.007885131508319914,0.32517559600102536,0.32738285714285714,0.0,0.0,0.6565129682997118,0.010506126798082046,0.12946716232961586,0.8,0.8,0.8,0.8,0.8,0.8,0.8,0.8
2024-01-10 10:00:00,0.09714285714285714,0.0,0.3419341563786008,0.002413793103448276,0.7609394641085016,0.13889618922470434,0.0,0.3646321358267717,0.0033823529411764705,0.7889807441725785,0.47060570071258906,0.0,0.647907514450867,0.9091826437941474,0.013719806763285023,0.331381697000769,0.30196571428571434,0.0,0.0,0.6572334293948127,0.017048481619605753,0.12892193308550187,0.8,0.8,0.8,0.8,0.8,0.8,0.8,0.8
2024-01-10 11:00:00,0.07571428571428572,0.0,0.33933595211372986,0.0027586206896551726,0.750893152497519,0.12982917214191853,0.0,0.34272391732283464,0.0045098039215686276,0.7848530476328361,0.47080760095011875,0.0,0.5983699421965318,0.9091826437941474,0.014465915190552871,0.3489566777749295,0.2977828571428571,0.0,0.0,0.660028818443804,0.01873734683004795,0.15472945064023133,0.8,0.8,0.8,0.8,0.8,0.8,0.8,0.8
2024-01-10 12:00:00,0.07571428571428572,0.0,0.3185447063224841,0.001724137931034483,0.7611577902745617,0.12706964520367936,0.0,0.3367568897637795,0.0027450980392156863,0.7843810626900246,0.44817498020585905,0.00011061946902654868,0.6301001926782274,0.9088943347268271,0.009731615673644658,0.37316329146372723,0.29795428571428567,0.0,0.0,0.6601152737752162,0.013814597762386787,0.18339116067740605,0.8,0.8,0.8,0.8,0.8,0.8,0.8,0.8
2024-01-10 13:00:00,0.07571428571428572,0.0,0.33260194537972315,0.0,0.769407872973867,0.12693823915900132,0.0,0.32872785433070867,0.0006862745098039216,0.8094570725351093,0.4456927949326999,0.00011061946902654868,0.6294335260115608,0.9083177165921869,0.003934514224369297,0.4024583440143553,0.2752685714285714,0.0,0.0,0.6595100864553314,0.006574320724560469,0.22697645600991326,0.8,0.8,0.8,0.8,0.8,0.8,0.8,0.8
2024-01-10 14:00:00,0.07571428571428572,0.0,0.337798353909465,0.0,0.7826662256037049,0.12693823915900132,0.0,0.3088558070866142,0.0,0.8065310554509918,0.4551227236737926,0.00044247787610619474,0.6382774566473988,0.9084618711258469,0.0007300053676865272,0.4442860804921815,0.2876228571428571,0.0,0.0,0.6601440922190202,0.0014757591901971231,0.27748038000826103,0.8,0.8,0.8,0.8,0.8,0.8,0.8,0.8
2024-01-10 15:00:00,0.07571428571428572,0.0,0.33027684249906475,0.0,0.7800727753886867,0.12628120893561104,0.0,0.3052940452755905,0.0,0.8119965252642247,0.4526405384006334,0.0011061946902654867,0.6620770712909441,0.9087501801931671,0.0,0.4853345296077929,0.3077142857142857,0.0,0.0,0.6540057636887608,0.0,0.33559273027674513,0.8,0.8,0.8,0.8,0.8,0.8,0.8,0.8
2024-01-10 16:00:00,0.09751879699248121,0.0,0.31221473999251775,0.0,0.7757128680119088,0.12575558475689882,0.0,0.300880905511811,0.0,0.8278934414362241,0.450827395091053,0.000663716814159292,0.668878612716763,0.9088943347268271,0.0,0.5157600615226865,0.31657142857142856,0.0,0.0,0.6544668587896253,0.0,0.3606567534076828,0.8,0.8,0.8,0.8,0.8,0.8,0.8,0.8
2024-01-10 17:00:00,0.09751879699248121,0.0,0.31322484100261877,0.0,0.7621667217995369,0.12049934296977662,0.0,0.29160063976377953,0.0,0.8270696394961633,0.4344853523357086,0.000331858407079646,0.5943044315992293,0.9091826437941474,0.0,0.5416277877467316,0.3140685714285714,0.0,0.0,0.6555907780979827,0.0,0.38923998347790173,0.8,0.8,0.8,0.8,0.8,0.8,0.8,0.8
2024-01-10 18:00:00,0.09751879699248121,0.0,0.3023082678638234,0.0,0.7432583526298379,0.11813403416557162,0.0,0.28835383858267716,0.0,0.8264963080932387,0.3719992082343626,0.000331858407079646,0.49703660886319845,0.9088943347268271,0.0,0.549207895411433,0.3084,0.0,0.0,0.6748703170028819,0.0,0.396728624535316,0.8,0.8,0.8,0.8,0.8,0.8,0.8,0.8
2024-01-10 19:00:00,0.09751879699248121,0.0,0.300613542835765,0.0,0.713774396295071,0.1178712220762155,0.0,0.2864812992125984,0.0,0.823665846242942,0.24866191607284244,0.000331858407079646,0.4722350674373796,0.9084618711258469,0.0,0.5546398359395027,0.30608,0.0,0.0,0.6744380403458213,0.0,0.4033828996282528,0.8,0.8,0.8,0.8,0.8,0.8,0.8,0.8
2024-01-10 20:00:00,0.09751879699248121,0.0,0.3109820426487093,0.0,0.6792623221964935,0.11839684625492772,0.0,0.2861355807086614,0.0,0.8112639351382654,0.2406413301662708,0.00022123893805309737,0.4421579961464355,0.9087501801931671,0.0,0.5645654960266598,0.2632114285714286,0.0,0.0,0.6742363112391931,0.0,0.4178273440726972,0.8,0.8,0.8,0.8,0.8,0.8,0.8,0.8
2024-01-10 21:00:00,0.09751879699248121,0.0,0.30169659558548445,0.0,0.6482963943102877,0.11918528252299607,0.0,0.2863422736220472,0.0,0.8034052410597944,0.2378622327790974,0.00011061946902654868,0.426747591522158,0.9084618711258469,0.0,0.5804178415790823,0.22858285714285714,0.0,0.0,0.6739769452449568,0.0,0.4285749690210656,0.8,0.8,0.8,0.8,0.8,0.8,0.8,0.8
2024-01-10 22:00:00,0.09751879699248121,0.0,0.2583258511036289,0.0,0.5949950380416805,0.11077529566360052,0.0,0.2929502952755905,0.0,0.8033994498335022,0.23624703087885984,0.00011061946902654868,0.4188439306358382,0.9084618711258469,0.0,0.5945654960266599,0.23274285714285714,0.0,0.0,0.6701152737752162,0.0,0.4464147046674928,0.8,0.8,0.8,0.8,0.8,0.8,0.8,0.8
2024-01-10 23:00:00,0.13285714285714287,0.0,0.26243733632622523,0.0,0.5386271915315911,0.12457293035479632,0.0,0.23170890748031495,0.0,0.7886506442739251,0.19788598574821853,0.00011061946902654868,0.41737186897880535,0.9087501801931671,0.0,0.6267598051781594,0.19595428571428572,0.0,0.0,0.6685878962536023,0.0,0.45803800082610496,0.8,0.8,0.8,0.8,0.8,0.8,0.8,0.8
2024-01-11 00:00:00,0.13285714285714287,0.0,0.2569790497568275,0.0,0.42757856434005953,0.12851511169513796,0.01,0.22495078740157481,0.0,0.769444042275952,0.19090261282660334,0.00011061946902654868,0.4073140655105973,0.9087501801931671,0.0,0.6326506024096386,0.1715657142857143,0.0,0.0,0.6735158501440922,0.0,0.46546881453944655,0.8,0.8,0.8,0.8,0.8,0.8,0.8,0.8
2024-01-11 01:00:00,0.13285714285714287,0.0,0.31309390198279086,0.0,0.360889844525306,0.13705650459921156,0.015,0.2274052657480315,0.0,0.7559200810771681,0.18914489311163896,0.00011061946902654868,0.4007976878612717,0.9087501801931671,0.0,0.6293847731350936,0.18474285714285715,0.0,0.0,0.6735158501440922,0.0,0.46710037174721186,0.8,0.8,0.8,0.8,0.8,0.8,0.8,0.8
2024-01-11 02:00:00,0.13285714285714287,0.0,0.3415282454171343,0.0,0.28263314588157457,0.13692509855453353,0.005,0.23228346456692914,0.0,0.740826697553207,0.18855502771179733,0.00011061946902654868,0.40204624277456646,0.908606025659507,0.0,0.6133478595231991,0.1840342857142857,0.0,0.0,0.6729971181556196,0.0,0.4614498141263941,0.8,0.8,0.8,0.8,0.8,0.8,0.8,0.8
2024-01-11 03:00:00,0.13285714285714287,0.0,0.3634586606808829,0.0,0.2439794905722792,0.1374507227332457,0.02,0.2716990649606299,0.0,0.7160243231504271,0.1933570863024545,0.00011061946902654868,0.4043044315992293,0.9084618711258469,0.0,0.600023071007434,0.17942857142857144,0.0,0.0,0.6729106628242075,0.0,0.4512143742255267,0.8,0.8,0.8,0.8,0.8,0.8,0.8,0.8
2024-01-11 04:00:00,0.13285714285714287,0.0,0.4223550317994762,0.0,0.19779027456169368,0.15886990801576872,0.025,0.30748646653543305,0.0,0.6695685536412336,0.21447743467933492,0.00011061946902654868,0.41750674373795765,0.9084618711258469,0.0,0.5826608561907204,0.24657142857142858,0.0,0.0,0.6734005763688761,0.0,0.4560429574555968,0.8,0.8,0.8,0.8,0.8,0.8,0.8,0.8
2024-01-11 05:00:00,0.13285714285714287,0.0,0.47371679760568647,0.0,0.18338074760172016,0.19395532194480947,0.01,0.4414886811023622,0.0,0.6092529318083104,0.2653562945368171,0.00044247787610619474,0.4389749518304432,0.9084618711258469,0.0,0.564462958215842,0.2495885714285714,0.0,0.0,0.6835734870317003,0.0,0.45108219743907474,0.8,0.8,0.8,0.8,0.8,0.8,0.8,0.8
2024-01-11 06:00:00,0.10203007518796993,0.0,0.6698858959970071,0.0,0.18263645385378763,0.19040735873850198,0.0,0.5329478346456693,0.0,0.5492572752280295,0.364889152810768,0.0007743362831858407,0.4727244701348748,0.908606025659507,0.0,0.5475108946423994,0.27268571428571425,0.0,0.0,0.6829106628242075,0.0,0.443816604708798,0.8,0.8,0.8,0.8,0.8,0.8,0.8,0.8
2024-01-11 07:00:00,0.13586466165413533,0.0,0.6862626262626264,0.0,0.16914323519682434,0.18988173455978974,0.0,0.5924950787401575,0.0,0.460137541624439,0.38526524148851937,0.0012168141592920356,0.5464354527938343,0.9087501801931671,0.00015029522275899088,0.49953857985132016,0.28845714285714286,0.0,0.0,0.6829394812680115,0.00021310602024507194,0.43289549772821145,0.8,0.8,0.8,0.8,0.8,0.8,0.8,0.8
2024-01-11 08:00:00,0.13586466165413533,0.0,0.7072147399925177,0.0,0.1462090638438637,0.19053876478318002,0.0,0.639242125984252,0.000196078431372549,0.37074996380483566,0.39742676167854313,0.0008849557522123895,0.6072562620423891,0.9088943347268271,0.0017606011808910358,0.4394386054857729,0.2984114285714286,0.0,0.0,0.6923342939481268,0.00404368673415024,0.41744320528707146,0.8,0.8,0.8,0.8,0.8,0.8,0.8,0.8
2024-01-11 09:00:00,0.13586466165413533,0.0,0.7063393191170969,0.0020689655172413794,0.11749917300694673,0.18909329829172142,0.0,0.6795312499999999,0.0022058823529411764,0.293217026205299,0.41377276326207446,0.030199115044247788,0.6180269749518305,0.9087501801931671,0.005802469135802469,0.4040348628556781,0.30058285714285715,0.0,0.0,0.6923054755043228,0.013063399041022909,0.3937339942172656,0.8,0.8,0.8,0.8,0.8,0.8,0.8,0.8
2024-01-11 10:00:00,0.14789473684210527,0.0,0.7194556677890012,0.004827586206896552,0.08488918293086338,0.17608409986859397,0.0,0.6928506397637795,0.0036274509803921567,0.2593875778196033,0.41341646872525734,0.0,0.6170520231213873,0.9088943347268271,0.009796027911969941,0.3853140220456293,0.30082285714285717,0.0,0.0,0.6932276657060519,0.02274906766116143,0.3642255266418835,0.8,0.8,0.8,0.8,0.8,0.8,0.8,0.8
2024-01-11 11:00:00,0.13473684210526318,0.0,0.7215656565656565,0.005517241379310345,0.06480979159775058,0.18252299605781866,0.0,0.7133107775590551,0.004068627450980392,0.2218546402200666,0.4491884402216944,0.0,0.610558766859345,0.9090384892604872,0.011143317230273753,0.3213791335554986,0.3022057142857143,0.0,0.00015748031496062994,0.694178674351585,0.026579648375066597,0.3258405617513424,0.8,0.8,0.8,0.8,0.8,0.8,0.8,0.8
2024-01-11 12:00:00,0.14902255639097745,0.0,0.7201122334455667,0.0027586206896551726,0.04965927886205756,0.17897503285151115,0.0,0.7163877952755906,0.0029901960784313726,0.19641523092514843,0.448535233570863,0.0,0.6047552986512523,0.908606025659507,0.008346752549651101,0.2716303511920021,0.3031542857142857,0.0,0.0,0.694178674351585,0.02161427810335642,0.2916191656340355,0.8,0.8,0.8,0.8,0.8,0.8,0.8,0.8
2024-01-11 13:00:00,0.14902255639097745,0.0,0.7204994388327721,0.0,0.04317234535229904,0.1883048620236531,0.0,0.7329035433070866,0.0006372549019607843,0.18265382944838568,0.45503562945368176,0.0,0.6235915221579962,0.9088943347268271,0.0033816425120772944,0.2207485260189695,0.30456,0.0,0.00015748031496062994,0.6946974063400576,0.01076718167288226,0.26562990499793476,0.8,0.8,0.8,0.8,0.8,0.8,0.8,0.8
2024-01-11 14:00:00,0.14526315789473684,0.0,0.7326692854470632,0.0,0.0801587826662256,0.19737187910643889,0.0,0.7311122047244094,0.0,0.1859895757926741,0.46158749010292954,0.00044247787610619474,0.6275298651252409,0.9088943347268271,0.000611916264090177,0.1917149448859267,0.3082971428571428,0.0,0.0,0.6968011527377521,0.0024986680873734686,0.24921520033044198,0.8,0.8,0.8,0.8,0.8,0.8,0.8,0.8
2024-01-11 15:00:00,0.14526315789473684,0.0,0.711141040029929,0.0,0.13224942110486274,0.19277266754270694,0.0,0.7141670767716536,0.0,0.19313015781091647,0.46318289786223277,0.0011061946902654867,0.6645780346820809,0.9088943347268271,5.367686527106817e-06,0.1650602409638554,0.3237485714285714,0.0,0.0,0.6979827089337175,0.0,0.21416769929781082,0.8,0.8,0.8,0.8,0.8,0.8,0.8,0.8
2024-01-11 16:00:00,0.1448872180451128,0.0,0.7067396184062851,0.0,0.20049288785974198,0.19395532194480947,0.0,0.6741978346456693,0.0,0.21021282756623716,0.46190815518606493,0.000663716814159292,0.6714412331406552,0.9090384892604872,5.367686527106817e-06,0.14129710330684442,0.3212571428571429,0.0,0.0,0.7097982708933718,0.0,0.18205287071458076,0.8,0.8,0.8,0.8,0.8,0.8,0.8,0.8
2024-01-11 17:00:00,0.1448872180451128,0.0,0.6975420875420876,0.0,0.2555044657624876,0.16846254927726673,0.0,0.6313668799212598,0.0,0.2685912842044303,0.46841646872525733,0.000331858407079646,0.6715105973025048,0.9090384892604872,5.367686527106817e-06,0.1348577287874904,0.32808,0.0,0.0,0.7080403458213257,0.0,0.14956629491945478,0.8,0.8,0.8,0.8,0.8,0.8,0.8,0.8
2024-01-11 18:00:00,0.1448872180451128,0.0,0.6804283576505799,0.0,0.29572940787297386,0.20420499342969778,0.0,0.5861281988188977,0.0,0.3532981033733893,0.4766429136975455,0.000331858407079646,0.672674373795761,0.9090384892604872,5.367686527106817e-06,0.14827736477826198,0.3290057142857143,0.0,0.0,0.7059654178674352,0.0,0.11337050805452294,0.8,0.8,0.8,0.8,0.8,0.8,0.8,0.8
2024-01-11 19:00:00,0.1448872180451128,0.0,0.6542442947998504,0.0,0.3424412834932187,0.20840998685939552,0.0,0.5311847933070867,0.0,0.450382220935283,0.46547110055423596,0.000331858407079646,0.6622736030828515,0.9090384892604872,5.367686527106817e-06,0.1912381440656242,0.31832,0.0,0.0,0.7051296829971182,0.0,0.08330028913672036,0.8,0.8,0.8,0.8,0.8,0.8,0.8,0.8
2024-01-11 20:00:00,0.1448872180451128,0.0,0.5974148896371119,0.0,0.3683460138934833,0.21195795006570303,0.0,0.47374138779527564,0.0,0.5805805704357898,0.4651979414093428,0.00022123893805309737,0.6085472061657033,0.9090384892604872,5.367686527106817e-06,0.2444168162009741,0.2894857142857143,0.0,0.0,0.7027377521613832,0.0,0.07170590665014456,0.8,0.8,0.8,0.8,0.8,0.8,0.8,0.8
2024-01-11 21:00:00,0.1448872180451128,0.0,0.5183632622521511,0.0,0.37160105855110814,0.20486202365308806,0.0,0.4453125,0.0,0.6598363978572462,0.4264608076009501,0.00011061946902654868,0.5478728323699422,0.9088943347268271,5.367686527106817e-06,0.3090720328120995,0.26745142857142856,0.0,0.0,0.7023919308357348,0.0,0.07638579099545642,0.8,0.8,0.8,0.8,0.8,0.8,0.8,0.8
2024-01-11 22:00:00,0.14413533834586467,0.0,0.506505798728021,0.0,0.34166060205094273,0.2202365308804205,0.0,0.412064468503937,0.0,0.7384175474156652,0.3751900237529691,0.00011061946902654868,0.5217341040462428,0.9090384892604872,0.0,0.36041527813381186,0.23630857142857145,0.0,0.0,0.7014409221902017,0.0,0.09819496076001652,0.8,0.8,0.8,0.8,0.8,0.8,0.8,0.8
2024-01-11 23:00:00,0.1670676691729323,0.0,0.5520183314627759,0.0,0.28460138934832946,0.2132720105124836,0.0,0.31015132874015744,0.0,0.7832908643405241,0.29732383214568486,0.00011061946902654868,0.5067822736030828,0.9090384892604872,5.367686527106817e-06,0.4268136375288388,0.23210285714285714,0.0,0.0,0.7210951008645533,0.0,0.1394175960346964,0.8,0.8,0.8,0.8,0.8,0.8,0.8,0.8
2024-01-12 00:00:00,0.1670676691729323,0.0,0.56006734006734,0.0,0.27217664571617595,0.20538764783180027,0.0,0.29263779527559053,0.0,0.8212624873316925,0.28480205859065716,0.00011061946902654868,0.4779306358381503,0.9090384892604872,5.367686527106817e-06,0.4554473211996924,0.23453714285714286,0.0,0.0,0.7212391930835735,0.0,0.18993804213135068,0.8,0.8,0.8,0.8,0.8,0.8,0.8,0.8
2024-01-12 01:00:00,0.17646616541353383,0.0,0.5673325851103629,0.0,0.2675752563678465,0.2064388961892247,0.0,0.28765625,0.0,0.8309888518893876,0.28430324623911324,0.00011061946902654868,0.47289788053949905,0.9088943347268271,5.367686527106817e-06,0.4860394770571648,0.2337942857142857,0.0,0.0,0.7210374639769452,0.0,0.23649318463444854,0.8,0.8,0.8,0.8,0.8,0.8,0.8,0.8
2024-01-12 02:00:00,0.17646616541353383,0.0,0.5494332210998878,0.0,0.24140588819053918,0.21235216819973718,0.0,0.28926181102362203,0.0,0.8314188504415809,0.2843388756927949,0.00011061946902654868,0.47235838150289017,0.908606025659507,5.367686527106817e-06,0.5179056652140477,0.23305142857142855,0.0,0.0,0.7197982708933718,0.0,0.2905658818669971,0.8,0.8,0.8,0.8,0.8,0.8,0.8,0.8
2024-01-12 03:00:00,0.17646616541353383,0.0,0.5439132061354284,0.0,0.26258021832616607,0.21511169513797634,0.0,0.2944365157480315,0.0,0.8231576661358043,0.28751385589865397,0.00011061946902654868,0.4721040462427745,0.9084618711258469,5.367686527106817e-06,0.5317123814406562,0.24698285714285717,0.0,0.0,0.7198847262247839,0.0,0.33449401073936386,0.8,0.8,0.8,0.8,0.8,0.8,0.8,0.8
2024-01-12 04:00:00,0.17684210526315788,0.0,0.5447998503554059,0.0,0.2533575917962289,0.21721419185282526,0.0,0.30909817913385823,0.0,0.8181482553930794,0.2995724465558195,0.00044247787610619474,0.47342967244701345,0.908606025659507,5.367686527106817e-06,0.5342604460394771,0.25961142857142855,0.0,0.0,0.7187896253602305,0.0,0.36911606774060307,0.8,0.8,0.8,0.8,0.8,0.8,0.8,0.8
2024-01-12 05:00:00,0.17684210526315788,0.0,0.5479928918817808,0.0,0.22504465762487594,0.2296977660972405,0.005,0.40116018700787404,0.0,0.804117561893731,0.39480997624703085,0.0007743362831858407,0.514485549132948,0.9084618711258469,5.367686527106817e-06,0.5417944116893104,0.2671542857142857,0.0,0.0,0.7193659942363112,0.0,0.389727385377943,0.8,0.8,0.8,0.8,0.8,0.8,0.8,0.8
2024-01-12 06:00:00,0.17646616541353383,0.0,0.6125046763935652,0.0,0.17330135626860735,0.2454664914586071,0.0,0.43848917322834646,0.0,0.7844751701172723,0.44413301662707844,0.0007743362831858407,0.6090597302504817,0.9083177165921869,0.0,0.5549397590361447,0.30091428571428575,0.0,0.0,0.7205187319884726,0.0,0.39589838909541514,0.8,0.8,0.8,0.8,0.8,0.8,0.8,0.8
2024-01-12 07:00:00,0.17646616541353383,0.0,0.6166573138795362,0.0,0.1339497188223619,0.23981603153745074,0.0,0.5210740649606299,0.0,0.7357101491240771,0.4641330166270784,0.0012168141592920356,0.6362080924855491,0.9083177165921869,0.00010735373054213635,0.5603435016662395,0.3112114285714286,0.0,0.0,0.7189337175792507,0.0002876931273308471,0.39733581164807935,0.8,0.8,0.8,0.8,0.8,0.8,0.8,0.8
2024-01-12 08:00:00,0.17646616541353383,0.0,0.6333894500561167,0.0,0.13472047634799866,0.25177398160315373,0.0,0.5597121062992126,0.00014705882352941175,0.6742579991313161,0.47211401425178146,0.0014380530973451327,0.6317495183044316,0.9083177165921869,0.0018089103596349973,0.5703076134324532,0.30986285714285716,0.0,0.0,0.7161671469740634,0.004539158231220032,0.40170177612556796,0.8,0.8,0.8,0.8,0.8,0.8,0.8,0.8
2024-01-12 09:00:00,0.17684210526315788,0.0,0.6515450804339693,0.0010344827586206897,0.06847171683757856,0.24940867279894877,0.0,0.610648375984252,0.001323529411764706,0.5897133342985378,0.4745526524148852,0.000331858407079646,0.632150289017341,0.9081735620585267,0.005974235104669888,0.5689284798769546,0.29417142857142853,0.0,0.0,0.7162536023054755,0.013351092168353755,0.40109871953738124,0.8,0.8,0.8,0.8,0.8,0.8,0.8,0.8
2024-01-12 10:00:00,0.17684210526315788,0.0,0.658742985409652,0.0027586206896551726,0.02912338736354615,0.2633377135348226,0.0,0.6470300196850394,0.0025490196078431374,0.4819458520341683,0.4767854315122723,0.0,0.6307090558766859,0.9081735620585267,0.0095276435856146,0.5489233529864137,0.26102857142857144,0.0,0.0,0.7161671469740634,0.022642514651038892,0.40388682362660056,0.8,0.8,0.8,0.8,0.8,0.8,0.8,0.8
2024-01-12 11:00:00,0.1674436090225564,0.0,0.6968686868686869,0.003103448275862069,0.017545484617929208,0.24967148488830487,0.0,0.6714283956692914,0.0021078431372549018,0.36489937744317363,0.4775574030087094,0.0,0.6331907514450867,0.9081735620585267,0.010214707461084273,0.5268597795437068,0.25470857142857145,0.0,0.00015748031496062994,0.7178097982708934,0.02484283431006926,0.4103345724907063,0.8,0.8,0.8,0.8,0.8,0.8,0.8,0.8
2024-01-12 12:00:00,0.17684210526315788,0.0,0.6994687616909839,0.0013793103448275863,0.014667548792590144,0.25203679369250986,0.0,0.7221247539370079,0.001176470588235294,0.2651165484291299,0.4772406967537609,0.0,0.6328323699421966,0.9083177165921869,0.006553945249597424,0.4895539605229428,0.2531771428571429,0.0,0.0,0.7136887608069165,0.01828449653702717,0.39273440726972325,0.8,0.8,0.8,0.8,0.8,0.8,0.8,0.8
2024-01-12 13:00:00,0.17684210526315788,0.0,0.703327721661055,0.0,0.014125041349652664,0.2609724047306176,0.0,0.7393110236220473,0.00024509803921568627,0.17788041117706674,0.4666389548693587,0.0,0.6319730250481695,0.9083177165921869,0.002662372517444981,0.4508177390412715,0.2534057142857143,0.0,0.00015748031496062994,0.7096829971181556,0.008129994672349494,0.3916274266831888,0.8,0.8,0.8,0.8,0.8,0.8,0.8,0.8
2024-01-12 14:00:00,0.17684210526315788,0.0,0.7023456790123457,0.0,0.02258683427059213,0.26412614980289095,0.0,0.74046875,0.0,0.12739394816852467,0.46984560570071254,0.00044247787610619474,0.6319730250481695,0.908606025659507,0.0005099302200751476,0.3962855678031274,0.25349714285714287,0.0,0.0,0.7122766570605187,0.0013532232285562067,0.39037587773647253,0.8,0.8,0.8,0.8,0.8,0.8,0.8,0.8
2024-01-12 15:00:00,0.17684210526315788,0.0,0.7017863823419379,0.0,0.046258683427059216,0.2692509855453351,0.0,0.7366461614173229,0.0,0.11591428985087593,0.47287410926365797,0.000995575221238938,0.667626204238921,0.9087501801931671,0.0,0.3516867469879518,0.2617257142857143,0.0,0.0,0.7189913544668588,0.0,0.38242048740190004,0.8,0.8,0.8,0.8,0.8,0.8,0.8,0.8
2024-01-12 16:00:00,0.1760902255639098,0.0,0.7009745604190049,0.0,0.10924578233542838,0.2645203679369251,0.0,0.7150775098425196,0.0,0.13048646300854205,0.45543547110055427,0.000663716814159292,0.6501772639691715,0.9087501801931671,0.0,0.2974544988464496,0.25568,0.0,0.0,0.7192795389048992,0.0,0.3598595621643949,0.8,0.8,0.8,0.8,0.8,0.8,0.8,0.8
2024-01-12 17:00:00,0.1760902255639098,0.0,0.6981032547699214,0.0,0.1872775388686735,0.26123521681997375,0.0,0.6405745570866141,0.0,0.17963804835673955,0.4575613618368963,0.000331858407079646,0.6705818882466281,0.9090384892604872,0.0,0.2546218918226096,0.2750057142857143,0.0,0.0,0.719193083573487,0.0,0.34836018174308137,0.8,0.8,0.8,0.8,0.8,0.8,0.8,0.8
2024-01-12 18:00:00,0.1760902255639098,0.0,0.6730658436213992,0.0,0.29425405226596096,0.26438896189224703,0.0,0.5864862204724409,0.0,0.23284638772260025,0.46187252573238324,0.000331858407079646,0.6778227360308285,0.9090384892604872,0.0,0.19592412201999487,0.2753257142857143,0.0,0.0,0.7195100864553313,0.0,0.3242503097893432,0.8,0.8,0.8,0.8,0.8,0.8,0.8,0.8
2024-01-12 19:00:00,0.1760902255639098,0.0,0.6582005237560793,0.0,0.38219649354945423,0.2561103810775296,0.0,0.5335297736220472,0.0,0.2823251773563052,0.4487490102929533,0.000331858407079646,0.6675915221579962,0.9090384892604872,0.0,0.15213791335554985,0.2691085714285714,0.0,0.0,0.7188472622478386,0.0,0.2893845518380834,0.8,0.8,0.8,0.8,0.8,0.8,0.8,0.8
2024-01-12 20:00:00,0.1760902255639098,0.0,0.6309783015338571,0.0,0.5061561362884551,0.24507227332457293,0.0,0.4896075295275591,0.0,0.331452149992761,0.38814726840855107,0.00022123893805309737,0.5845741811175337,0.9090384892604872,0.0,0.13937708279928224,0.26194285714285714,0.0,0.0,0.7197118155619597,0.0,0.23265592730276743,0.8,0.8,0.8,0.8,0.8,0.8,0.8,0.8
2024-01-12 21:00:00,0.1760902255639098,0.0,0.6207687991021325,0.0,0.416632484287132,0.2459921156373193,0.0,0.4300073818897638,0.0,0.3869089329665557,0.37033254156769596,0.00011061946902654868,0.5714412331406551,0.9090384892604872,5.367686527106817e-06,0.13194052806972573,0.24381714285714287,0.0,0.0,0.7188760806916427,0.0,0.15981825691862867,0.8,0.8,0.8,0.8,0.8,0.8,0.8,0.8
2024-01-12 22:00:00,0.1757142857142857,0.0,0.5915750093527872,0.0,0.4147634799867681,0.2530880420499343,0.0,0.41024360236220475,0.0,0.448751990734038,0.3659184481393507,0.00011061946902654868,0.5287552986512524,0.9090384892604872,5.367686527106817e-06,0.15224557805690847,0.2304342857142857,0.0,0.0,0.7191354466858789,0.0,0.10411400247831475,0.8,0.8,0.8,0.8,0.8,0.8,0.8,0.8
2024-01-12 23:00:00,0.1674436090225564,0.0,0.5958342686120464,0.0,0.43083360899768447,0.27555847568988173,0.0,0.3468294783464567,0.0,0.4983002750832489,0.27681314330958035,0.00011061946902654868,0.466373795761079,0.9091826437941474,5.367686527106817e-06,0.19876441937964626,0.22025142857142857,0.0,0.0,0.7242074927953891,0.0,0.07567121024370095,0.8,0.8,0.8,0.8,0.8,0.8,0.8,0.8
2024-01-13 00:00:00,0.1674436090225564,0.0,0.579320987654321,0.0,0.4353622229573271,0.27227332457293035,0.0,0.31295152559055117,0.0,0.5308049804546112,0.24564528899445764,0.00011061946902654868,0.4590173410404625,0.9088943347268271,5.367686527106817e-06,0.26190720328121,0.2205142857142857,0.0,0.0,0.7139193083573486,0.0,0.07816604708798018,0.8,0.8,0.8,0.8,0.8,0.8,0.8,0.8
2024-01-13 01:00:00,0.17684210526315788,0.0,0.5361971567527124,0.0,0.41817069136619256,0.26596583442838373,0.0,0.28895792322834646,0.0,0.5399420877370783,0.23743072050673,0.00011061946902654868,0.45225048169556836,0.9093267983278074,5.367686527106817e-06,0.3272340425531915,0.23213714285714288,0.0,0.0,0.7039769452449568,0.0,0.11620404791408508,0.8,0.8,0.8,0.8,0.8,0.8,0.8,0.8
2024-01-13 02:00:00,0.17684210526315788,0.0,0.511672278338945,0.0,0.3840489579887529,0.2681997371879106,0.0,0.2941769192913386,0.0,0.5185724627189807,0.23044338875692796,0.00011061946902654868,0.44880924855491333,0.9091826437941474,5.367686527106817e-06,0.37770315303768265,0.23058285714285714,0.0,0.0,0.7035158501440922,0.0,0.19259809995869473,0.8,0.8,0.8,0.8,0.8,0.8,0.8,0.8
2024-01-13 03:00:00,0.17684210526315788,0.0,0.5135952113729891,0.0,0.3383460138934833,0.268988173455979,0.0,0.2960568405511811,0.0,0.49098740408281455,0.22744259699129057,0.00011061946902654868,0.4460115606936417,0.9088943347268271,5.367686527106817e-06,0.4107792873622148,0.22902857142857144,0.0,0.0,0.7031700288184438,0.0,0.2823213548120611,0.8,0.8,0.8,0.8,0.8,0.8,0.8,0.8
2024-01-13 04:00:00,0.17684210526315788,0.0,0.5470538720538721,0.0,0.2517234535229904,0.2729303547963206,0.0,0.3131742125984252,0.0,0.45692775445200523,0.22290973871733968,0.00044247787610619474,0.44756069364161855,0.9087501801931671,5.367686527106817e-06,0.4217508331197129,0.22976,0.0,0.0,0.702449567723343,0.0,0.37328376703841387,0.8,0.8,0.8,0.8,0.8,0.8,0.8,0.8
2024-01-13 05:00:00,0.17684210526315788,0.0,0.5830415263748597,0.0,0.16799206086668872,0.28528252299605783,0.005,0.36822096456692915,0.0,0.41279716229911684,0.2341963578780681,0.0007743362831858407,0.45860886319845856,0.908606025659507,5.367686527106817e-06,0.40861830299923096,0.23033142857142858,0.0,0.0,0.7027377521613832,0.0,0.44379182156133834,0.8,0.8,0.8,0.8,0.8,0.8,0.8,0.8
2024-01-13 06:00:00,0.17684210526315788,0.0,0.6374261129816685,0.0,0.09333112801852464,0.2871222076215506,0.0,0.4200775098425197,0.0,0.3725133922108006,0.26165479018210613,0.0007743362831858407,0.46342196531791907,0.9084618711258469,5.367686527106817e-06,0.3848654191233017,0.2294857142857143,0.0,0.0,0.7035158501440922,0.0,0.4888062783973565,0.8,0.8,0.8,0.8,0.8,0.8,0.8,0.8
2024-01-13 07:00:00,0.17684210526315788,0.0,0.6551178451178452,0.0,0.05797552100562355,0.28436268068331144,0.0,0.49360359251968505,0.0,0.34000144780657304,0.27430720506730005,0.0012168141592920356,0.48225048169556844,0.9084618711258469,2.1470746108427268e-05,0.35573442706998204,0.23543999999999998,0.0,0.0,0.704121037463977,2.6638252530633992e-05,0.5172738537794299,0.8,0.8,0.8,0.8,0.8,0.8,0.8,0.8
2024-01-13 08:00:00,0.17684210526315788,0.0,0.6640310512532734,0.0,0.07924578233542838,0.2710906701708279,0.0,0.5475049212598425,4.901960784313725e-05,0.3052207905023889,0.27243072050673,0.0014380530973451327,0.47538728323699425,0.9084618711258469,0.00035426731078904995,0.3133452960779287,0.23588571428571428,0.0,0.0,0.7045821325648415,0.0005434203516249335,0.5430359355638166,0.8,0.8,0.8,0.8,0.8,0.8,0.8,0.8
2024-01-13 09:00:00,0.17646616541353383,0.0,0.6740946502057613,0.0003448275862068966,0.11744624545153821,0.26990801576872536,0.0,0.5745435531496064,0.0008823529411764705,0.26015346749674245,0.2809699129057799,0.000331858407079646,0.4795183044315992,0.9083177165921869,0.0013097155126140633,0.27328377339143806,0.23649142857142857,0.0,0.0,0.7053314121037464,0.0012253596164091634,0.5439446509706733,0.8,0.8,0.8,0.8,0.8,0.8,0.8,0.8
2024-01-13 10:00:00,0.17646616541353383,0.0,0.6728900112233446,0.0006896551724137932,0.18235196824346675,0.26833114323258866,0.0,0.5960199311023622,0.001911764705882353,0.21749963804835673,0.2838519398258116,0.00044247787610619474,0.4781194605009634,0.9080294075248666,0.0034192163177670424,0.2338374775698539,0.23825142857142856,0.0,0.0,0.7028242074927954,0.001848694725625999,0.5448244527054936,0.8,0.8,0.8,0.8,0.8,0.8,0.8,0.8
2024-01-13 11:00:00,0.1670676691729323,0.0,0.6725271230826786,0.0010344827586206897,0.2746741647370162,0.27411300919842313,0.0,0.6154170767716535,0.0025980392156862747,0.19515708701317505,0.2841686460807601,0.00011061946902654868,0.4787822736030829,0.9080294075248666,0.004079441760601181,0.19648295308895156,0.2395885714285714,0.0,0.00015748031496062994,0.7032276657060519,0.0023068726691529034,0.5487856257744733,0.8,0.8,0.8,0.8,0.8,0.8,0.8,0.8
2024-01-13 12:00:00,0.17646616541353383,0.0,0.6682510288065844,0.0003448275862068966,0.3043797552100562,0.2700394218134034,0.0,0.6224680118110236,0.0018627450980392157,0.1924149413638338,0.28542359461599365,0.0,0.4788362235067437,0.9081735620585267,0.0031078904991948472,0.1845270443476032,0.23953142857142856,0.0,0.0,0.7034870317002883,0.0024986680873734686,0.5386947542337878,0.8,0.8,0.8,0.8,0.8,0.8,0.8,0.8
2024-01-13 13:00:00,0.17646616541353383,0.0,0.6658997381219603,0.0,0.3227356930201786,0.27240473061760845,0.0,0.6334793307086615,0.0003431372549019608,0.2035746344288403,0.2896832937450515,0.00022123893805309737,0.47910597302504815,0.9083177165921869,0.0012506709608158884,0.17894129710330683,0.23910857142857142,0.0,0.00015748031496062994,0.7043227665706052,0.0015130527437400105,0.5081453944650971,0.8,0.8,0.8,0.8,0.8,0.8,0.8,0.8
2024-01-13 14:00:00,0.17646616541353383,0.0,0.6908997381219604,0.0,0.3499702282500827,0.28436268068331144,0.0,0.6575442913385827,0.0,0.2290690603735341,0.29180126682501983,0.000331858407079646,0.4803699421965318,0.9083177165921869,0.00022007514761137947,0.19810048705460137,0.23659428571428573,0.0,0.0,0.7044092219020173,0.0004368673415023974,0.49799669558033877,0.8,0.8,0.8,0.8,0.8,0.8,0.8,0.8
2024-01-13 15:00:00,0.17646616541353383,0.0,0.6968424990647213,0.0,0.3696162752232881,0.28344283837056505,0.0,0.6531852854330709,0.0,0.2687273780222962,0.3155502771179731,0.0005530973451327434,0.48302890173410407,0.9044255441833645,5.367686527106817e-06,0.23325301204819276,0.2523657142857143,0.0,0.0,0.7045821325648415,0.0,0.4873853779429988,0.8,0.8,0.8,0.8,0.8,0.8,0.8,0.8
2024-01-13 16:00:00,0.17345864661654137,0.0,0.690231949120838,0.0,0.35880582203109496,0.2697766097240473,0.0,0.6427632874015748,0.0,0.28946865498769364,0.31625890736342044,0.0,0.48215414258188827,0.9015424535101629,5.367686527106817e-06,0.2681773904127147,0.25922285714285714,0.0,0.0,0.7053890489913545,0.0,0.4688475836431226,0.8,0.8,0.8,0.8,0.8,0.8,0.8,0.8
2024-01-13 17:00:00,0.17345864661654137,0.0,0.6841750841750841,0.0,0.3288984452530599,0.2636005256241787,0.0,0.620132874015748,0.0,0.2972795714492544,0.31450514647664296,0.0,0.48551830443159927,0.905290471385325,5.367686527106817e-06,0.30281722635221736,0.25585142857142856,0.0,0.0,0.7051873198847262,0.0,0.456303180503924,0.8,0.8,0.8,0.8,0.8,0.8,0.8,0.8
2024-01-13 18:00:00,0.17345864661654137,0.0,0.6787953610175833,0.0,0.30945418458484947,0.27700394218134033,0.0,0.6195324803149607,0.0,0.30041841609960906,0.30961995249406177,0.00011061946902654868,0.48408477842003855,0.9084618711258469,5.367686527106817e-06,0.3273391438092797,0.2605485714285714,0.0,0.0,0.7034870317002883,0.0,0.441482858323007,0.8,0.8,0.8,0.8,0.8,0.8,0.8,0.8
2024-01-13 19:00:00,0.17345864661654137,0.0,0.6784137673026562,0.0,0.2941118094608005,0.27411300919842313,0.0,0.6247969980314961,0.0,0.26502533661502825,0.3011916072842438,0.00011061946902654868,0.4780886319845858,0.908606025659507,5.367686527106817e-06,0.361566265060241,0.26315428571428573,0.0,0.0,0.7031700288184438,0.0,0.43435770342833535,0.8,0.8,0.8,0.8,0.8,0.8,0.8,0.8
2024-01-13 20:00:00,0.17345864661654137,0.0,0.6745585484474373,0.0,0.26569632815084354,0.26307490144546647,0.0,0.633673720472441,0.0,0.25253076588967716,0.2744259699129058,0.00022123893805309737,0.47355298651252403,0.9090384892604872,5.367686527106817e-06,0.40118174826967445,0.24975999999999998,0.0,0.0,0.7031988472622478,0.0,0.4182403965303593,0.8,0.8,0.8,0.8,0.8,0.8,0.8,0.8
2024-01-13 21:00:00,0.17345864661654137,0.0,0.7083052749719416,0.0,0.24766126364538535,0.2613666228646518,0.0,0.6211405019685039,0.0,0.20408571014912405,0.2571100554235946,0.00011061946902654868,0.46741040462427746,0.9090384892604872,5.367686527106817e-06,0.4261599589848757,0.2432,0.0,0.0,0.7023631123919308,0.0,0.4107765386204048,0.8,0.8,0.8,0.8,0.8,0.8,0.8,0.8
2024-01-13 22:00:00,0.17045112781954888,0.0,0.703989898989899,0.0,0.22817399933840554,0.2768725361366623,0.0,0.5924889271653543,0.0,0.1711278413203996,0.24996041171813144,0.00011061946902654868,0.4649942196531792,0.9088943347268271,5.367686527106817e-06,0.4425019225839528,0.24369142857142856,0.0,0.0,0.7023054755043228,0.0,0.4117719950433705,0.8,0.8,0.8,0.8,0.8,0.8,0.8,0.8
2024-01-13 23:00:00,0.13924812030075187,0.0,0.6832547699214365,0.0,0.19662917631491894,0.26741130091984233,0.005,0.5028432578740157,0.0,0.1443463153322716,0.24565320665083135,0.00011061946902654868,0.4607552986512524,0.9094709528614675,1.0735373054213634e-05,0.4636016406049731,0.2508228571428571,0.0,0.0,0.7105187319884727,0.0,0.41541511771995043,0.8,0.8,0.8,0.8,0.8,0.8,0.8,0.8
2024-01-14 00:00:00,0.13924812030075187,0.0,0.6823868312757202,0.0,0.14984452530598744,0.28331143232588696,0.0,0.48801058070866143,0.0,0.11745765165773853,0.24073634204275535,0.00011061946902654868,0.4597032755298652,0.9094709528614675,1.0735373054213634e-05,0.45017944116893105,0.25211428571428574,0.0,0.0,0.7105187319884727,0.0,0.42646427096241224,0.8,0.8,0.8,0.8,0.8,0.8,0.8,0.8
2024-01-14 01:00:00,0.1486466165413534,0.0,0.6872540216984662,0.0,0.11916308303010255,0.28252299605781866,0.0,0.4927066929133858,0.0,0.09267844216012741,0.24019794140934284,0.00011061946902654868,0.45988439306358386,0.9094709528614675,5.367686527106817e-06,0.44145091002307096,0.26341714285714285,0.0,0.0,0.7110086455331412,0.0,0.4361379595208592,0.8,0.8,0.8,0.8,0.8,0.8,0.8,0.8
2024-01-14 02:00:00,0.1486466165413534,0.0,0.683161242050131,0.0,0.11193847171683757,0.2802890932982917,0.005,0.49461122047244094,0.0,0.06783263356015636,0.24679730799683292,0.00011061946902654868,0.45823121387283233,0.9094709528614675,5.367686527106817e-06,0.416600871571392,0.2598857142857143,0.0,0.0,0.7016138328530259,0.0,0.45537794299876083,0.8,0.8,0.8,0.8,0.8,0.8,0.8,0.8
2024-01-14 03:00:00,0.152406015037594,0.0,0.6916591844369623,0.0,0.11120740985775719,0.28331143232588696,0.005,0.49975885826771654,0.0,0.0644013319820472,0.25745051464766433,0.00011061946902654868,0.45999614643545284,0.9091826437941474,5.367686527106817e-06,0.3736272750576775,0.27336,0.0,0.0,0.7006340057636887,0.0,0.4457703428335399,0.8,0.8,0.8,0.8,0.8,0.8,0.8,0.8
2024-01-14 04:00:00,0.1520300751879699,0.0,0.6924130190796858,0.0,0.10614621237181608,0.2678055190538765,0.005,0.5158821358267717,0.0,0.05881858983639786,0.2776286619160728,0.00044247787610619474,0.4668940269749518,0.9091826437941474,5.367686527106817e-06,0.30503716995642144,0.2778514285714286,0.0,0.0,0.6994524495677233,0.0,0.44220983064849234,0.8,0.8,0.8,0.8,0.8,0.8,0.8,0.8
2024-01-14 05:00:00,0.1520300751879699,0.0,0.6936195286195287,0.0,0.0979689050611975,0.28685939553219447,0.005,0.5798585137795276,0.0,0.06151730128854785,0.3067735550277118,0.0007743362831858407,0.468917148362235,0.9093267983278074,5.367686527106817e-06,0.2405357600615227,0.2727428571428572,0.0,0.0,0.694207492795389,0.0,0.4162081784386617,0.8,0.8,0.8,0.8,0.8,0.8,0.8,0.8
2024-01-14 06:00:00,0.1520300751879699,0.0,0.7059970071081183,0.0,0.10941779689050611,0.2893561103810775,0.0,0.6301402559055118,0.0,0.06325177356305198,0.3128345209817894,0.00044247787610619474,0.47001156069364164,0.9091826437941474,5.367686527106817e-06,0.1893386311202256,0.2686742857142857,0.0,0.0,0.7072046109510086,0.0,0.3854564229657167,0.8,0.8,0.8,0.8,0.8,0.8,0.8,0.8
2024-01-14 07:00:00,0.1520300751879699,0.0,0.7108454919566031,0.0,0.11030102547138604,0.292904073587385,0.0,0.6628248031496062,0.0,0.06771101780802084,0.3088875692794933,0.00044247787610619474,0.48869364161849715,0.9091826437941474,8.588298443370907e-05,0.1380594719302743,0.26670857142857146,0.0,0.0,0.7080691642651297,0.0002557272242940863,0.3533663775299463,0.8,0.8,0.8,0.8,0.8,0.8,0.8,0.8
2024-01-14 08:00:00,0.1520300751879699,0.0,0.7156902356902357,0.0,0.1276149520344029,0.28843626806833117,0.0,0.6872219488188976,0.00014705882352941175,0.07706819168959027,0.31799287410926363,0.0008849557522123895,0.49509826589595374,0.9090384892604872,0.0010413311862587224,0.10520379389900025,0.26899428571428574,0.0,0.0,0.7084149855907781,0.004001065530101225,0.2993267244940107,0.8,0.8,0.8,0.8,0.8,0.8,0.8,0.8
2024-01-14 09:00:00,0.1520300751879699,0.0,0.7155518144407034,0.0013793103448275863,0.13698643731392657,0.2823915900131406,0.0,0.6883267716535434,0.0022058823529411764,0.08346315332271609,0.32057403008709423,0.000331858407079646,0.5010404624277457,0.9090384892604872,0.00392914653784219,0.08403998974621892,0.28069714285714287,0.0,0.0,0.7089048991354467,0.010969632392115077,0.23755059892606362,0.8,0.8,0.8,0.8,0.8,0.8,0.8,0.8
2024-01-14 10:00:00,0.15015037593984962,0.0,0.7183482977927422,0.003448275862068966,0.12724445914654317,0.29198423127463863,0.0,0.6918860728346456,0.004656862745098039,0.08545388736064861,0.32118368962787014,0.00044247787610619474,0.5023275529865125,0.9090384892604872,0.008803005904455178,0.08200205075621635,0.2883428571428572,0.0,0.0,0.7091066282420749,0.016345231752797017,0.19279223461379597,0.8,0.8,0.8,0.8,0.8,0.8,0.8,0.8
2024-01-14 11:00:00,0.14263157894736841,0.0,0.7220501309390198,0.003448275862068966,0.10771088322858088,0.29500657030223393,0.0,0.7175110728346457,0.005147058823529412,0.08572607499638049,0.3234085510688836,0.00011061946902654868,0.5078150289017341,0.9090384892604872,0.009618894256575417,0.07964368110740835,0.30170285714285716,0.0,0.00015748031496062994,0.7092219020172911,0.015183803942461374,0.17004543577034284,0.8,0.8,0.8,0.8,0.8,0.8,0.8,0.8
2024-01-14 12:00:00,0.15015037593984962,0.0,0.7166086793864571,0.001724137931034483,0.11664902414819715,0.28633377135348226,0.0,0.7183390748031496,0.0038725490196078434,0.09352975242507601,0.3167300079176564,0.00011061946902654868,0.5075568400770712,0.9090384892604872,0.005775630703166935,0.08537554473211997,0.30345142857142854,0.0,0.00015748031496062994,0.7095389048991355,0.00878529568460309,0.1694382486575795,0.8,0.8,0.8,0.8,0.8,0.8,0.8,0.8
2024-01-14 13:00:00,0.15015037593984962,0.0,0.715430228208006,0.0,0.13499503804168045,0.297634691195795,0.0,0.7239763779527558,0.0006862745098039216,0.10445345301867671,0.31595803642121933,0.00022123893805309737,0.5119807321772639,0.9088943347268271,0.0017444981213097155,0.09985388361958472,0.30112,0.0,0.00015748031496062994,0.7100864553314121,0.0035855087906233353,0.20647253201156546,0.8,0.8,0.8,0.8,0.8,0.8,0.8,0.8
2024-01-14 14:00:00,0.15015037593984962,0.0,0.7215151515151514,0.0,0.15221634138273238,0.2797634691195795,0.0,0.7286294291338583,0.0,0.11590125959171854,0.3186223277909739,0.000331858407079646,0.5148709055876686,0.9090384892604872,0.00023617820719269996,0.12413996411176621,0.30530285714285715,0.0,0.0,0.7101729106628242,0.0007405434203516249,0.2559892606361008,0.8,0.8,0.8,0.8,0.8,0.8,0.8,0.8
2024-01-14 15:00:00,0.15015037593984962,0.0,0.7246969696969697,0.0,0.15478001984783327,0.2923784494086728,0.0,0.7388964074803149,0.0,0.12098016504994932,0.3270665083135392,0.0005530973451327434,0.5098188824662813,0.9088943347268271,5.367686527106817e-06,0.1446526531658549,0.3065371428571429,0.0,0.0,0.7096541786743515,0.0,0.2830565881866997,0.8,0.8,0.8,0.8,0.8,0.8,0.8,0.8
2024-01-14 16:00:00,0.15015037593984962,0.0,0.7242686120463898,0.0,0.15960965927886206,0.29921156373193164,0.0,0.7311847933070866,0.0,0.11960474880555957,0.3307521773555028,0.00022123893805309737,0.5252639691714835,0.9088943347268271,5.367686527106817e-06,0.1774109202768521,0.3143542857142857,0.0,0.0,0.71,0.0,0.3067864518793887,0.8,0.8,0.8,0.8,0.8,0.8,0.8,0.8
2024-01-14 17:00:00,0.15015037593984962,0.0,0.7474635241301908,0.0,0.16490241481971551,0.28475689881734556,0.0,0.7348572834645669,0.0,0.11297669031417404,0.33666666666666667,0.0,0.5233333333333333,0.9088943347268271,5.367686527106817e-06,0.2097641630351192,0.31549714285714286,0.0,0.0,0.710028818443804,0.0,0.31611730689797607,0.8,0.8,0.8,0.8,0.8,0.8,0.8,0.8
2024-01-14 18:00:00,0.15015037593984962,0.0,0.7243228582117471,0.0,0.18611313264968574,0.28659658344283834,0.0,0.72779281496063,0.0,0.11220935283046185,0.3345605700712589,0.00011061946902654868,0.5065664739884393,0.9087501801931671,5.367686527106817e-06,0.2515149961548321,0.28625142857142855,0.0,0.0,0.7103458213256485,0.0,0.32748451053283767,0.8,0.8,0.8,0.8,0.8,0.8,0.8,0.8
2024-01-14 19:00:00,0.15015037593984962,0.0,0.7225327347549569,0.0,0.22626199139927225,0.29513797634691197,0.0,0.7212512303149606,0.0,0.1156189373099754,0.3282383214568488,0.00011061946902654868,0.4903314065510598,0.9083177165921869,5.367686527106817e-06,0.3027069982055883,0.2865028571428571,0.0,0.0,0.7098270893371758,0.0,0.338418009087154,0.8,0.8,0.8,0.8,0.8,0.8,0.8,0.8
2024-01-14 20:00:00,0.15015037593984962,0.0,0.7214552936775159,0.0,0.20609659278862055,0.30078843626806834,0.0,0.7065169783464567,0.0,0.11591139423772984,0.30363024544734757,0.00022123893805309737,0.4779576107899807,0.9084618711258469,5.367686527106817e-06,0.35237631376570105,0.27181714285714287,0.0,0.0,0.7121037463976945,0.0,0.3363403552251136,0.8,0.8,0.8,0.8,0.8,0.8,0.8,0.8
2024-01-14 21:00:00,0.15015037593984962,0.0,0.7184998129442574,0.0,0.22807145219980154,0.3068331143232589,0.0,0.6886294291338583,0.0,0.11393224265238164,0.2833610451306413,0.00011061946902654868,0.46684007707129094,0.9083177165921869,5.367686527106817e-06,0.3930992053319662,0.2568457142857143,0.0,0.0,0.7118731988472623,0.0,0.33230483271375466,0.8,0.8,0.8,0.8,0.8,0.8,0.8,0.8
2024-01-14 22:00:00,0.15015037593984962,0.0,0.7023531612420502,0.0,0.235841878928217,0.2978975032851511,0.0,0.6409645669291338,0.0,0.11624294194295642,0.2759224069675376,0.00011061946902654868,0.4576724470134875,0.9081735620585267,5.367686527106817e-06,0.457392976159959,0.2534057142857143,0.0,0.0,0.704178674351585,0.0,0.35285006195786867,0.8,0.8,0.8,0.8,0.8,0.8,0.8,0.8
2024-01-14 23:00:00,0.1599248120300752,0.0,0.678939393939394,0.0,0.2389712206417466,0.3059132720105125,0.0,0.5153629429133858,0.0,0.09971767771825685,0.2554552652414885,0.00011061946902654868,0.4615876685934489,0.9084618711258469,0.0,0.5077492950525506,0.2658628571428571,0.0,0.0,0.6982997118155619,0.0,0.3415778603882693,0.8,0.8,0.8,0.8,0.8,0.8,0.8,0.8
