timestep,line,flow_mw,capacity_mw,utilization_pct
t0001,L_SE1_SE2,-245.11,3300.0,7.43
t0001,L_SE2_SE3,5426.45,7300.0,74.33
t0001,L_SE3_SE4,677.8,5300.0,12.79
t0001,L_NO4_SE1,-600.0,600.0,100.0
t0001,L_NO3_SE2,-1000.0,1000.0,100.0
t0001,L_NO1_SE3,2145.0,2145.0,100.0
t0001,L_FI_SE1,-91.2,1500.0,6.08
t0001,L_FI_SE3,1591.2,1200.0,100.0
t0001,L_DK1_SE3,740.0,740.0,100.0
t0001,L_DK2_SE4,1700.0,1700.0,100.0
t0001,L_PL_SE4,600.0,600.0,100.0
t0001,L_LT_SE4,700.0,700.0,100.0
t0001,L_DE_SE4,615.0,615.0,100.0
t0002,L_SE1_SE2,-310.04,3300.0,9.4
t0002,L_SE2_SE3,5387.2,7300.0,73.8
t0002,L_SE3_SE4,695.15,5300.0,13.12
t0002,L_NO4_SE1,-600.0,600.0,100.0
t0002,L_NO3_SE2,-1000.0,1000.0,100.0
t0002,L_NO1_SE3,2145.0,2145.0,100.0
t0002,L_FI_SE1,-80.71,1500.0,5.38
t0002,L_FI_SE3,1580.71,1200.0,100.0
t0002,L_DK1_SE3,740.0,740.0,100.0
t0002,L_DK2_SE4,1700.0,1700.0,100.0
t0002,L_PL_SE4,600.0,600.0,100.0
t0002,L_LT_SE4,700.0,700.0,100.0
t0002,L_DE_SE4,615.0,615.0,100.0
t0003,L_SE1_SE2,-283.18,3300.0,8.58
t0003,L_SE2_SE3,5181.82,7300.0,70.98
t0003,L_SE3_SE4,694.6,5300.0,13.11
t0003,L_NO4_SE1,-600.0,600.0,100.0
t0003,L_NO3_SE2,-1000.0,1000.0,100.0
t0003,L_NO1_SE3,2145.0,2145.0,100.0
t0003,L_FI_SE1,-50.04,1500.0,3.34
t0003,L_FI_SE3,1550.04,1200.0,100.0
t0003,L_DK1_SE3,740.0,740.0,100.0
t0003,L_DK2_SE4,1700.0,1700.0,100.0
t0003,L_PL_SE4,600.0,600.0,100.0
t0003,L_LT_SE4,700.0,700.0,100.0
t0003,L_DE_SE4,615.0,615.0,100.0
t0004,L_SE1_SE2,-0.59,3300.0,0.02
t0004,L_SE2_SE3,5414.4,7300.0,74.17
t0004,L_SE3_SE4,647.04,5300.0,12.21
t0004,L_NO4_SE1,-600.0,600.0,100.0
t0004,L_NO3_SE2,-1000.0,1000.0,100.0
t0004,L_NO1_SE3,2145.0,2145.0,100.0
t0004,L_FI_SE1,-105.44,1500.0,7.03
t0004,L_FI_SE3,1605.44,1200.0,100.0
t0004,L_DK1_SE3,740.0,740.0,100.0
t0004,L_DK2_SE4,1700.0,1700.0,100.0
t0004,L_PL_SE4,600.0,600.0,100.0
t0004,L_LT_SE4,700.0,700.0,100.0
t0004,L_DE_SE4,615.0,615.0,100.0
t0005,L_SE1_SE2,92.35,3300.0,2.8
t0005,L_SE2_SE3,5508.43,7300.0,75.46
t0005,L_SE3_SE4,854.42,5300.0,16.12
t0005,L_NO4_SE1,-600.0,600.0,100.0
t0005,L_NO3_SE2,-1000.0,1000.0,100.0
t0005,L_NO1_SE3,2145.0,2145.0,100.0
t0005,L_FI_SE1,-126.43,1500.0,8.43
t0005,L_FI_SE3,1626.43,1200.0,100.0
t0005,L_DK1_SE3,740.0,740.0,100.0
t0005,L_DK2_SE4,1700.0,1700.0,100.0
t0005,L_PL_SE4,600.0,600.0,100.0
t0005,L_LT_SE4,700.0,700.0,100.0
t0005,L_DE_SE4,615.0,615.0,100.0
t0006,L_SE1_SE2,160.1,3300.0,4.85
t0006,L_SE2_SE3,5892.98,7300.0,80.73
t0006,L_SE3_SE4,1197.47,5300.0,22.59
t0006,L_NO4_SE1,-600.0,600.0,100.0
t0006,L_NO3_SE2,-1000.0,1000.0,100.0
t0006,L_NO1_SE3,2145.0,2145.0,100.0
t0006,L_FI_SE1,-191.66,1500.0,12.78
t0006,L_FI_SE3,1691.66,1200.0,100.0
t0006,L_DK1_SE3,740.0,740.0,100.0
t0006,L_DK2_SE4,1700.0,1700.0,100.0
t0006,L_PL_SE4,600.0,600.0,100.0
t0006,L_LT_SE4,700.0,700.0,100.0
t0006,L_DE_SE4,615.0,615.0,100.0
t0007,L_SE1_SE2,521.64,3300.0,15.81
t0007,L_SE2_SE3,6345.97,7300.0,86.93
t0007,L_SE3_SE4,1047.14,5300.0,19.76
t0007,L_NO4_SE1,-600.0,600.0,100.0
t0007,L_NO3_SE2,-1000.0,1000.0,100.0
t0007,L_NO1_SE3,2145.0,2145.0,100.0
t0007,L_FI_SE1,-362.74,1500.0,24.18
t0007,L_FI_SE3,1711.44,1200.0,100.0
t0007,L_DK1_SE3,740.0,740.0,100.0
t0007,L_DK2_SE4,1700.0,1700.0,100.0
t0007,L_PL_SE4,600.0,600.0,100.0
t0007,L_LT_SE4,700.0,700.0,100.0
t0007,L_DE_SE4,615.0,615.0,100.0
t0008,L_SE1_SE2,727.36,3300.0,22.04
t0008,L_SE2_SE3,6365.01,7300.0,87.19
t0008,L_SE3_SE4,1284.53,5300.0,24.24
t0008,L_NO4_SE1,-600.0,600.0,100.0
t0008,L_NO3_SE2,-1000.0,1000.0,100.0
t0008,L_NO1_SE3,1766.86,2145.0,82.37
t0008,L_FI_SE1,-532.11,1500.0,35.47
t0008,L_FI_SE3,1575.25,1200.0,100.0
t0008,L_DK1_SE3,740.0,740.0,100.0
t0008,L_DK2_SE4,1700.0,1700.0,100.0
t0008,L_PL_SE4,600.0,600.0,100.0
t0008,L_LT_SE4,700.0,700.0,100.0
t0008,L_DE_SE4,615.0,615.0,100.0
t0009,L_SE1_SE2,822.17,3300.0,24.91
t0009,L_SE2_SE3,6021.68,7300.0,82.49
t0009,L_SE3_SE4,1322.26,5300.0,24.95
t0009,L_NO4_SE1,-600.0,600.0,100.0
t0009,L_NO3_SE2,-1000.0,1000.0,100.0
t0009,L_NO1_SE3,1668.44,2145.0,77.78
t0009,L_FI_SE1,-762.11,1500.0,50.81
t0009,L_FI_SE3,1249.27,1200.0,100.0
t0009,L_DK1_SE3,740.0,740.0,100.0
t0009,L_DK2_SE4,1700.0,1700.0,100.0
t0009,L_PL_SE4,600.0,600.0,100.0
t0009,L_LT_SE4,700.0,700.0,100.0
t0009,L_DE_SE4,615.0,615.0,100.0
t0010,L_SE1_SE2,829.78,3300.0,25.14
t0010,L_SE2_SE3,6051.34,7300.0,82.9
t0010,L_SE3_SE4,1303.15,5300.0,24.59
t0010,L_NO4_SE1,-600.0,600.0,100.0
t0010,L_NO3_SE2,-1000.0,1000.0,100.0
t0010,L_NO1_SE3,1459.13,2145.0,68.02
t0010,L_FI_SE1,-738.94,1500.0,49.26
t0010,L_FI_SE3,1282.82,1200.0,100.0
t0010,L_DK1_SE3,740.0,740.0,100.0
t0010,L_DK2_SE4,1700.0,1700.0,100.0
t0010,L_PL_SE4,600.0,600.0,100.0
t0010,L_LT_SE4,700.0,700.0,100.0
t0010,L_DE_SE4,615.0,615.0,100.0
t0011,L_SE1_SE2,926.17,3300.0,28.07
t0011,L_SE2_SE3,5956.97,7300.0,81.6
t0011,L_SE3_SE4,1304.47,5300.0,24.61
t0011,L_NO4_SE1,-600.0,600.0,100.0
t0011,L_NO3_SE2,-1000.0,1000.0,100.0
t0011,L_NO1_SE3,1248.77,2145.0,58.22
t0011,L_FI_SE1,-777.11,1500.0,51.81
t0011,L_FI_SE3,1227.55,1200.0,100.0
t0011,L_DK1_SE3,740.0,740.0,100.0
t0011,L_DK2_SE4,1700.0,1700.0,100.0
t0011,L_PL_SE4,600.0,600.0,100.0
t0011,L_LT_SE4,700.0,700.0,100.0
t0011,L_DE_SE4,615.0,615.0,100.0
t0012,L_SE1_SE2,973.47,3300.0,29.5
t0012,L_SE2_SE3,6118.82,7300.0,83.82
t0012,L_SE3_SE4,1431.26,5300.0,27.0
t0012,L_NO4_SE1,-600.0,600.0,100.0
t0012,L_NO3_SE2,-1000.0,1000.0,100.0
t0012,L_NO1_SE3,990.86,2145.0,46.19
t0012,L_FI_SE1,-649.0,1500.0,43.27
t0012,L_FI_SE3,1413.04,1200.0,100.0
t0012,L_DK1_SE3,740.0,740.0,100.0
t0012,L_DK2_SE4,1700.0,1700.0,100.0
t0012,L_PL_SE4,600.0,600.0,100.0
t0012,L_LT_SE4,700.0,700.0,100.0
t0012,L_DE_SE4,615.0,615.0,100.0
t0013,L_SE1_SE2,968.2,3300.0,29.34
t0013,L_SE2_SE3,6147.0,7300.0,84.21
t0013,L_SE3_SE4,1400.06,5300.0,26.42
t0013,L_NO4_SE1,-600.0,600.0,100.0
t0013,L_NO3_SE2,-1000.0,1000.0,100.0
t0013,L_NO1_SE3,1058.96,2145.0,49.37
t0013,L_FI_SE1,-630.68,1500.0,42.05
t0013,L_FI_SE3,1439.57,1200.0,100.0
t0013,L_DK1_SE3,740.0,740.0,100.0
t0013,L_DK2_SE4,1700.0,1700.0,100.0
t0013,L_PL_SE4,600.0,600.0,100.0
t0013,L_LT_SE4,700.0,700.0,100.0
t0013,L_DE_SE4,615.0,615.0,100.0
t0014,L_SE1_SE2,985.42,3300.0,29.86
t0014,L_SE2_SE3,5974.0,7300.0,81.84
t0014,L_SE3_SE4,1333.5,5300.0,25.16
t0014,L_NO4_SE1,-600.0,600.0,100.0
t0014,L_NO3_SE2,-1000.0,1000.0,100.0
t0014,L_NO1_SE3,1029.05,2145.0,47.97
t0014,L_FI_SE1,-747.63,1500.0,49.84
t0014,L_FI_SE3,1270.23,1200.0,100.0
t0014,L_DK1_SE3,740.0,740.0,100.0
t0014,L_DK2_SE4,1700.0,1700.0,100.0
t0014,L_PL_SE4,600.0,600.0,100.0
t0014,L_LT_SE4,700.0,700.0,100.0
t0014,L_DE_SE4,615.0,615.0,100.0
t0015,L_SE1_SE2,987.25,3300.0,29.92
t0015,L_SE2_SE3,5945.61,7300.0,81.45
t0015,L_SE3_SE4,1404.22,5300.0,26.49
t0015,L_NO4_SE1,-600.0,600.0,100.0
t0015,L_NO3_SE2,-1000.0,1000.0,100.0
t0015,L_NO1_SE3,744.75,2145.0,34.72
t0015,L_FI_SE1,-767.12,1500.0,51.14
t0015,L_FI_SE3,1242.01,1200.0,100.0
t0015,L_DK1_SE3,740.0,740.0,100.0
t0015,L_DK2_SE4,1700.0,1700.0,100.0
t0015,L_PL_SE4,600.0,600.0,100.0
t0015,L_LT_SE4,700.0,700.0,100.0
t0015,L_DE_SE4,615.0,615.0,100.0
t0016,L_SE1_SE2,1125.9,3300.0,34.12
t0016,L_SE2_SE3,5868.06,7300.0,80.38
t0016,L_SE3_SE4,1297.83,5300.0,24.49
t0016,L_NO4_SE1,-600.0,600.0,100.0
t0016,L_NO3_SE2,-1000.0,1000.0,100.0
t0016,L_NO1_SE3,861.14,2145.0,40.15
t0016,L_FI_SE1,-780.97,1500.0,52.06
t0016,L_FI_SE3,1221.95,1200.0,100.0
t0016,L_DK1_SE3,740.0,740.0,100.0
t0016,L_DK2_SE4,1700.0,1700.0,100.0
t0016,L_PL_SE4,600.0,600.0,100.0
t0016,L_LT_SE4,700.0,700.0,100.0
t0016,L_DE_SE4,615.0,615.0,100.0
t0017,L_SE1_SE2,1070.3,3300.0,32.43
t0017,L_SE2_SE3,5636.36,7300.0,77.21
t0017,L_SE3_SE4,1252.12,5300.0,23.62
t0017,L_NO4_SE1,-600.0,600.0,100.0
t0017,L_NO3_SE2,-1000.0,1000.0,100.0
t0017,L_NO1_SE3,1099.98,2145.0,51.28
t0017,L_FI_SE1,-960.78,1500.0,64.05
t0017,L_FI_SE3,961.58,1200.0,80.13
t0017,L_DK1_SE3,740.0,740.0,100.0
t0017,L_DK2_SE4,1700.0,1700.0,100.0
t0017,L_PL_SE4,600.0,600.0,100.0
t0017,L_LT_SE4,700.0,700.0,100.0
t0017,L_DE_SE4,615.0,615.0,100.0
t0018,L_SE1_SE2,1002.14,3300.0,30.37
t0018,L_SE2_SE3,5774.41,7300.0,79.1
t0018,L_SE3_SE4,1079.09,5300.0,20.36
t0018,L_NO4_SE1,-600.0,600.0,100.0
t0018,L_NO3_SE2,-1000.0,1000.0,100.0
t0018,L_NO1_SE3,1690.9,2145.0,78.83
t0018,L_FI_SE1,-883.49,1500.0,58.9
t0018,L_FI_SE3,1073.51,1200.0,89.46
t0018,L_DK1_SE3,740.0,740.0,100.0
t0018,L_DK2_SE4,1700.0,1700.0,100.0
t0018,L_PL_SE4,600.0,600.0,100.0
t0018,L_LT_SE4,700.0,700.0,100.0
t0018,L_DE_SE4,615.0,615.0,100.0
t0019,L_SE1_SE2,840.86,3300.0,25.48
t0019,L_SE2_SE3,5803.44,7300.0,79.5
t0019,L_SE3_SE4,879.68,5300.0,16.6
t0019,L_NO4_SE1,-600.0,600.0,100.0
t0019,L_NO3_SE2,-1000.0,1000.0,100.0
t0019,L_NO1_SE3,2145.0,2145.0,100.0
t0019,L_FI_SE1,-609.58,1500.0,40.64
t0019,L_FI_SE3,1335.3,1200.0,100.0
t0019,L_DK1_SE3,740.0,740.0,100.0
t0019,L_DK2_SE4,1700.0,1700.0,100.0
t0019,L_PL_SE4,600.0,600.0,100.0
t0019,L_LT_SE4,700.0,700.0,100.0
t0019,L_DE_SE4,615.0,615.0,100.0
t0020,L_SE1_SE2,621.23,3300.0,18.83
t0020,L_SE2_SE3,5868.49,7300.0,80.39
t0020,L_SE3_SE4,1022.36,5300.0,19.29
t0020,L_NO4_SE1,-600.0,600.0,100.0
t0020,L_NO3_SE2,-1000.0,1000.0,100.0
t0020,L_NO1_SE3,2145.0,2145.0,100.0
t0020,L_FI_SE1,-218.22,1500.0,14.55
t0020,L_FI_SE3,1718.22,1200.0,100.0
t0020,L_DK1_SE3,740.0,740.0,100.0
t0020,L_DK2_SE4,1700.0,1700.0,100.0
t0020,L_PL_SE4,600.0,600.0,100.0
t0020,L_LT_SE4,700.0,700.0,100.0
t0020,L_DE_SE4,615.0,615.0,100.0
t0021,L_SE1_SE2,631.26,3300.0,19.13
t0021,L_SE2_SE3,6191.57,7300.0,84.82
t0021,L_SE3_SE4,1131.62,5300.0,21.35
t0021,L_NO4_SE1,-600.0,600.0,100.0
t0021,L_NO3_SE2,-1000.0,1000.0,100.0
t0021,L_NO1_SE3,2145.0,2145.0,100.0
t0021,L_FI_SE1,-269.93,1500.0,18.0
t0021,L_FI_SE3,1769.93,1200.0,100.0
t0021,L_DK1_SE3,740.0,740.0,100.0
t0021,L_DK2_SE4,1700.0,1700.0,100.0
t0021,L_PL_SE4,600.0,600.0,100.0
t0021,L_LT_SE4,700.0,700.0,100.0
t0021,L_DE_SE4,615.0,615.0,100.0
t0022,L_SE1_SE2,493.23,3300.0,14.95
t0022,L_SE2_SE3,6491.79,7300.0,88.93
t0022,L_SE3_SE4,1054.39,5300.0,19.89
t0022,L_NO4_SE1,-600.0,600.0,100.0
t0022,L_NO3_SE2,-1000.0,1000.0,100.0
t0022,L_NO1_SE3,2145.0,2145.0,100.0
t0022,L_FI_SE1,-308.26,1500.0,20.55
t0022,L_FI_SE3,1808.26,1200.0,100.0
t0022,L_DK1_SE3,740.0,740.0,100.0
t0022,L_DK2_SE4,1700.0,1700.0,100.0
t0022,L_PL_SE4,600.0,600.0,100.0
t0022,L_LT_SE4,700.0,700.0,100.0
t0022,L_DE_SE4,615.0,615.0,100.0
t0023,L_SE1_SE2,413.78,3300.0,12.54
t0023,L_SE2_SE3,6551.63,7300.0,89.75
t0023,L_SE3_SE4,1246.05,5300.0,23.51
t0023,L_NO4_SE1,-600.0,600.0,100.0
t0023,L_NO3_SE2,-1000.0,1000.0,100.0
t0023,L_NO1_SE3,2145.0,2145.0,100.0
t0023,L_FI_SE1,-312.47,1500.0,20.83
t0023,L_FI_SE3,1812.47,1200.0,100.0
t0023,L_DK1_SE3,740.0,740.0,100.0
t0023,L_DK2_SE4,1700.0,1700.0,100.0
t0023,L_PL_SE4,600.0,600.0,100.0
t0023,L_LT_SE4,700.0,700.0,100.0
t0023,L_DE_SE4,615.0,615.0,100.0
t0024,L_SE1_SE2,184.05,3300.0,5.58
t0024,L_SE2_SE3,6134.35,7300.0,84.03
t0024,L_SE3_SE4,1212.72,5300.0,22.88
t0024,L_NO4_SE1,-600.0,600.0,100.0
t0024,L_NO3_SE2,-1000.0,1000.0,100.0
t0024,L_NO1_SE3,2145.0,2145.0,100.0
t0024,L_FI_SE1,-231.37,1500.0,15.42
t0024,L_FI_SE3,1731.37,1200.0,100.0
t0024,L_DK1_SE3,740.0,740.0,100.0
t0024,L_DK2_SE4,1700.0,1700.0,100.0
t0024,L_PL_SE4,600.0,600.0,100.0
t0024,L_LT_SE4,700.0,700.0,100.0
t0024,L_DE_SE4,615.0,615.0,100.0
t0025,L_SE1_SE2,302.85,3300.0,9.18
t0025,L_SE2_SE3,6464.7,7300.0,88.56
t0025,L_SE3_SE4,1405.6,5300.0,26.52
t0025,L_NO4_SE1,-600.0,600.0,100.0
t0025,L_NO3_SE2,-1000.0,1000.0,100.0
t0025,L_NO1_SE3,2145.0,2145.0,100.0
t0025,L_FI_SE1,-291.41,1500.0,19.43
t0025,L_FI_SE3,1791.41,1200.0,100.0
t0025,L_DK1_SE3,740.0,740.0,100.0
t0025,L_DK2_SE4,1700.0,1700.0,100.0
t0025,L_PL_SE4,600.0,600.0,100.0
t0025,L_LT_SE4,700.0,700.0,100.0
t0025,L_DE_SE4,615.0,615.0,100.0
t0026,L_SE1_SE2,479.28,3300.0,14.52
t0026,L_SE2_SE3,6583.93,7300.0,90.19
t0026,L_SE3_SE4,1355.05,5300.0,25.57
t0026,L_NO4_SE1,-600.0,600.0,100.0
t0026,L_NO3_SE2,-962.91,1000.0,96.29
t0026,L_NO1_SE3,2145.0,2145.0,100.0
t0026,L_FI_SE1,-321.89,1500.0,21.46
t0026,L_FI_SE3,1821.89,1200.0,100.0
t0026,L_DK1_SE3,740.0,740.0,100.0
t0026,L_DK2_SE4,1700.0,1700.0,100.0
t0026,L_PL_SE4,600.0,600.0,100.0
t0026,L_LT_SE4,700.0,700.0,100.0
t0026,L_DE_SE4,615.0,615.0,100.0
t0027,L_SE1_SE2,485.64,3300.0,14.72
t0027,L_SE2_SE3,6806.22,7300.0,93.24
t0027,L_SE3_SE4,1321.57,5300.0,24.94
t0027,L_NO4_SE1,-600.0,600.0,100.0
t0027,L_NO3_SE2,-707.68,1000.0,70.77
t0027,L_NO1_SE3,2145.0,2145.0,100.0
t0027,L_FI_SE1,-357.43,1500.0,23.83
t0027,L_FI_SE3,1857.43,1200.0,100.0
t0027,L_DK1_SE3,740.0,740.0,100.0
t0027,L_DK2_SE4,1700.0,1700.0,100.0
t0027,L_PL_SE4,600.0,600.0,100.0
t0027,L_LT_SE4,700.0,700.0,100.0
t0027,L_DE_SE4,615.0,615.0,100.0
t0028,L_SE1_SE2,367.54,3300.0,11.14
t0028,L_SE2_SE3,7207.53,7300.0,98.73
t0028,L_SE3_SE4,1380.79,5300.0,26.05
t0028,L_NO4_SE1,-600.0,600.0,100.0
t0028,L_NO3_SE2,-246.88,1000.0,24.69
t0028,L_NO1_SE3,2145.0,2145.0,100.0
t0028,L_FI_SE1,-413.05,1500.0,27.54
t0028,L_FI_SE3,1913.05,1200.0,100.0
t0028,L_DK1_SE3,740.0,740.0,100.0
t0028,L_DK2_SE4,1700.0,1700.0,100.0
t0028,L_PL_SE4,600.0,600.0,100.0
t0028,L_LT_SE4,700.0,700.0,100.0
t0028,L_DE_SE4,615.0,615.0,100.0
t0029,L_SE1_SE2,232.8,3300.0,7.05
t0029,L_SE2_SE3,7013.14,7300.0,96.07
t0029,L_SE3_SE4,1498.76,5300.0,28.28
t0029,L_NO4_SE1,-600.0,600.0,100.0
t0029,L_NO3_SE2,-470.09,1000.0,47.01
t0029,L_NO1_SE3,2145.0,2145.0,100.0
t0029,L_FI_SE1,-373.44,1500.0,24.9
t0029,L_FI_SE3,1873.44,1200.0,100.0
t0029,L_DK1_SE3,740.0,740.0,100.0
t0029,L_DK2_SE4,1700.0,1700.0,100.0
t0029,L_PL_SE4,600.0,600.0,100.0
t0029,L_LT_SE4,700.0,700.0,100.0
t0029,L_DE_SE4,615.0,615.0,100.0
t0030,L_SE1_SE2,204.1,3300.0,6.18
t0030,L_SE2_SE3,6551.63,7300.0,89.75
t0030,L_SE3_SE4,1599.31,5300.0,30.18
t0030,L_NO4_SE1,-600.0,600.0,100.0
t0030,L_NO3_SE2,-1000.0,1000.0,100.0
t0030,L_NO1_SE3,2145.0,2145.0,100.0
t0030,L_FI_SE1,-298.63,1500.0,19.91
t0030,L_FI_SE3,1798.63,1200.0,100.0
t0030,L_DK1_SE3,740.0,740.0,100.0
t0030,L_DK2_SE4,1700.0,1700.0,100.0
t0030,L_PL_SE4,600.0,600.0,100.0
t0030,L_LT_SE4,700.0,700.0,100.0
t0030,L_DE_SE4,615.0,615.0,100.0
t0031,L_SE1_SE2,-188.72,3300.0,5.72
t0031,L_SE2_SE3,6551.63,7300.0,89.75
t0031,L_SE3_SE4,1638.59,5300.0,30.92
t0031,L_NO4_SE1,-600.0,600.0,100.0
t0031,L_NO3_SE2,-1000.0,1000.0,100.0
t0031,L_NO1_SE3,2145.0,2145.0,100.0
t0031,L_FI_SE1,-272.7,1500.0,18.18
t0031,L_FI_SE3,1772.7,1200.0,100.0
t0031,L_DK1_SE3,740.0,740.0,100.0
t0031,L_DK2_SE4,1700.0,1700.0,100.0
t0031,L_PL_SE4,600.0,600.0,100.0
t0031,L_LT_SE4,700.0,700.0,100.0
t0031,L_DE_SE4,615.0,615.0,100.0
t0032,L_SE1_SE2,80.6,3300.0,2.44
t0032,L_SE2_SE3,6551.63,7300.0,89.75
t0032,L_SE3_SE4,1499.17,5300.0,28.29
t0032,L_NO4_SE1,-600.0,600.0,100.0
t0032,L_NO3_SE2,-1000.0,1000.0,100.0
t0032,L_NO1_SE3,2145.0,2145.0,100.0
t0032,L_FI_SE1,-290.48,1500.0,19.37
t0032,L_FI_SE3,1790.48,1200.0,100.0
t0032,L_DK1_SE3,740.0,740.0,100.0
t0032,L_DK2_SE4,1700.0,1700.0,100.0
t0032,L_PL_SE4,600.0,600.0,100.0
t0032,L_LT_SE4,700.0,700.0,100.0
t0032,L_DE_SE4,615.0,615.0,100.0
t0033,L_SE1_SE2,234.12,3300.0,7.09
t0033,L_SE2_SE3,6551.63,7300.0,89.75
t0033,L_SE3_SE4,1328.65,5300.0,25.07
t0033,L_NO4_SE1,-600.0,600.0,100.0
t0033,L_NO3_SE2,-1000.0,1000.0,100.0
t0033,L_NO1_SE3,2145.0,2145.0,100.0
t0033,L_FI_SE1,-300.61,1500.0,20.04
t0033,L_FI_SE3,1800.61,1200.0,100.0
t0033,L_DK1_SE3,740.0,740.0,100.0
t0033,L_DK2_SE4,1700.0,1700.0,100.0
t0033,L_PL_SE4,600.0,600.0,100.0
t0033,L_LT_SE4,700.0,700.0,100.0
t0033,L_DE_SE4,615.0,615.0,100.0
t0034,L_SE1_SE2,394.87,3300.0,11.97
t0034,L_SE2_SE3,6551.63,7300.0,89.75
t0034,L_SE3_SE4,1130.38,5300.0,21.33
t0034,L_NO4_SE1,-600.0,600.0,100.0
t0034,L_NO3_SE2,-1000.0,1000.0,100.0
t0034,L_NO1_SE3,2145.0,2145.0,100.0
t0034,L_FI_SE1,-311.22,1500.0,20.75
t0034,L_FI_SE3,1811.22,1200.0,100.0
t0034,L_DK1_SE3,740.0,740.0,100.0
t0034,L_DK2_SE4,1700.0,1700.0,100.0
t0034,L_PL_SE4,600.0,600.0,100.0
t0034,L_LT_SE4,700.0,700.0,100.0
t0034,L_DE_SE4,615.0,615.0,100.0
t0035,L_SE1_SE2,214.44,3300.0,6.5
t0035,L_SE2_SE3,6551.63,7300.0,89.75
t0035,L_SE3_SE4,879.12,5300.0,16.59
t0035,L_NO4_SE1,-600.0,600.0,100.0
t0035,L_NO3_SE2,-1000.0,1000.0,100.0
t0035,L_NO1_SE3,2145.0,2145.0,100.0
t0035,L_FI_SE1,-299.31,1500.0,19.95
t0035,L_FI_SE3,1799.31,1200.0,100.0
t0035,L_DK1_SE3,740.0,740.0,100.0
t0035,L_DK2_SE4,1700.0,1700.0,100.0
t0035,L_PL_SE4,600.0,600.0,100.0
t0035,L_LT_SE4,700.0,700.0,100.0
t0035,L_DE_SE4,615.0,615.0,100.0
t0036,L_SE1_SE2,221.41,3300.0,6.71
t0036,L_SE2_SE3,6447.85,7300.0,88.33
t0036,L_SE3_SE4,710.82,5300.0,13.41
t0036,L_NO4_SE1,-600.0,600.0,100.0
t0036,L_NO3_SE2,-1000.0,1000.0,100.0
t0036,L_NO1_SE3,2145.0,2145.0,100.0
t0036,L_FI_SE1,-362.83,1500.0,24.19
t0036,L_FI_SE3,1703.92,1200.0,100.0
t0036,L_DK1_SE3,740.0,740.0,100.0
t0036,L_DK2_SE4,1700.0,1700.0,100.0
t0036,L_PL_SE4,600.0,600.0,100.0
t0036,L_LT_SE4,700.0,700.0,100.0
t0036,L_DE_SE4,615.0,615.0,100.0
t0037,L_SE1_SE2,393.22,3300.0,11.92
t0037,L_SE2_SE3,6551.63,7300.0,89.75
t0037,L_SE3_SE4,684.81,5300.0,12.92
t0037,L_NO4_SE1,-600.0,600.0,100.0
t0037,L_NO3_SE2,-1000.0,1000.0,100.0
t0037,L_NO1_SE3,2071.78,2145.0,96.59
t0037,L_FI_SE1,-311.11,1500.0,20.74
t0037,L_FI_SE3,1811.11,1200.0,100.0
t0037,L_DK1_SE3,740.0,740.0,100.0
t0037,L_DK2_SE4,1700.0,1700.0,100.0
t0037,L_PL_SE4,600.0,600.0,100.0
t0037,L_LT_SE4,700.0,700.0,100.0
t0037,L_DE_SE4,615.0,615.0,100.0
t0038,L_SE1_SE2,20.8,3300.0,0.63
t0038,L_SE2_SE3,6551.63,7300.0,89.75
t0038,L_SE3_SE4,631.15,5300.0,11.91
t0038,L_NO4_SE1,-600.0,600.0,100.0
t0038,L_NO3_SE2,-1000.0,1000.0,100.0
t0038,L_NO1_SE3,1638.37,2145.0,76.38
t0038,L_FI_SE1,-286.53,1500.0,19.1
t0038,L_FI_SE3,1786.53,1200.0,100.0
t0038,L_DK1_SE3,740.0,740.0,100.0
t0038,L_DK2_SE4,1700.0,1700.0,100.0
t0038,L_PL_SE4,600.0,600.0,100.0
t0038,L_LT_SE4,700.0,700.0,100.0
t0038,L_DE_SE4,615.0,615.0,100.0
t0039,L_SE1_SE2,-116.17,3300.0,3.52
t0039,L_SE2_SE3,6551.63,7300.0,89.75
t0039,L_SE3_SE4,701.3,5300.0,13.23
t0039,L_NO4_SE1,-600.0,600.0,100.0
t0039,L_NO3_SE2,-1000.0,1000.0,100.0
t0039,L_NO1_SE3,1082.42,2145.0,50.46
t0039,L_FI_SE1,-277.49,1500.0,18.5
t0039,L_FI_SE3,1777.49,1200.0,100.0
t0039,L_DK1_SE3,740.0,740.0,100.0
t0039,L_DK2_SE4,1700.0,1700.0,100.0
t0039,L_PL_SE4,600.0,600.0,100.0
t0039,L_LT_SE4,700.0,700.0,100.0
t0039,L_DE_SE4,615.0,615.0,100.0
t0040,L_SE1_SE2,-12.45,3300.0,0.38
t0040,L_SE2_SE3,6551.63,7300.0,89.75
t0040,L_SE3_SE4,577.32,5300.0,10.89
t0040,L_NO4_SE1,-600.0,600.0,100.0
t0040,L_NO3_SE2,-1000.0,1000.0,100.0
t0040,L_NO1_SE3,985.18,2145.0,45.93
t0040,L_FI_SE1,-284.34,1500.0,18.96
t0040,L_FI_SE3,1784.34,1200.0,100.0
t0040,L_DK1_SE3,740.0,740.0,100.0
t0040,L_DK2_SE4,1700.0,1700.0,100.0
t0040,L_PL_SE4,600.0,600.0,100.0
t0040,L_LT_SE4,700.0,700.0,100.0
t0040,L_DE_SE4,615.0,615.0,100.0
t0041,L_SE1_SE2,124.5,3300.0,3.77
t0041,L_SE2_SE3,6551.63,7300.0,89.75
t0041,L_SE3_SE4,617.28,5300.0,11.65
t0041,L_NO4_SE1,-600.0,600.0,100.0
t0041,L_NO3_SE2,-1000.0,1000.0,100.0
t0041,L_NO1_SE3,920.03,2145.0,42.89
t0041,L_FI_SE1,-293.37,1500.0,19.56
t0041,L_FI_SE3,1793.37,1200.0,100.0
t0041,L_DK1_SE3,740.0,740.0,100.0
t0041,L_DK2_SE4,1700.0,1700.0,100.0
t0041,L_PL_SE4,600.0,600.0,100.0
t0041,L_LT_SE4,700.0,700.0,100.0
t0041,L_DE_SE4,615.0,615.0,100.0
t0042,L_SE1_SE2,148.69,3300.0,4.51
t0042,L_SE2_SE3,6551.63,7300.0,89.75
t0042,L_SE3_SE4,615.07,5300.0,11.61
t0042,L_NO4_SE1,-600.0,600.0,100.0
t0042,L_NO3_SE2,-1000.0,1000.0,100.0
t0042,L_NO1_SE3,994.94,2145.0,46.38
t0042,L_FI_SE1,-294.97,1500.0,19.66
t0042,L_FI_SE3,1794.97,1200.0,100.0
t0042,L_DK1_SE3,740.0,740.0,100.0
t0042,L_DK2_SE4,1700.0,1700.0,100.0
t0042,L_PL_SE4,600.0,600.0,100.0
t0042,L_LT_SE4,700.0,700.0,100.0
t0042,L_DE_SE4,615.0,615.0,100.0
t0043,L_SE1_SE2,73.91,3300.0,2.24
t0043,L_SE2_SE3,6551.63,7300.0,89.75
t0043,L_SE3_SE4,684.07,5300.0,12.91
t0043,L_NO4_SE1,-600.0,600.0,100.0
t0043,L_NO3_SE2,-1000.0,1000.0,100.0
t0043,L_NO1_SE3,967.96,2145.0,45.13
t0043,L_FI_SE1,-290.04,1500.0,19.34
t0043,L_FI_SE3,1790.04,1200.0,100.0
t0043,L_DK1_SE3,740.0,740.0,100.0
t0043,L_DK2_SE4,1700.0,1700.0,100.0
t0043,L_PL_SE4,600.0,600.0,100.0
t0043,L_LT_SE4,700.0,700.0,100.0
t0043,L_DE_SE4,615.0,615.0,100.0
t0044,L_SE1_SE2,265.54,3300.0,8.05
t0044,L_SE2_SE3,6551.63,7300.0,89.75
t0044,L_SE3_SE4,611.24,5300.0,11.53
t0044,L_NO4_SE1,-600.0,600.0,100.0
t0044,L_NO3_SE2,-1000.0,1000.0,100.0
t0044,L_NO1_SE3,1171.98,2145.0,54.64
t0044,L_FI_SE1,-302.68,1500.0,20.18
t0044,L_FI_SE3,1802.68,1200.0,100.0
t0044,L_DK1_SE3,740.0,740.0,100.0
t0044,L_DK2_SE4,1700.0,1700.0,100.0
t0044,L_PL_SE4,600.0,600.0,100.0
t0044,L_LT_SE4,700.0,700.0,100.0
t0044,L_DE_SE4,615.0,615.0,100.0
t0045,L_SE1_SE2,596.78,3300.0,18.08
t0045,L_SE2_SE3,6551.63,7300.0,89.75
t0045,L_SE3_SE4,526.8,5300.0,9.94
t0045,L_NO4_SE1,-600.0,600.0,100.0
t0045,L_NO3_SE2,-1000.0,1000.0,100.0
t0045,L_NO1_SE3,1552.37,2145.0,72.37
t0045,L_FI_SE1,-324.55,1500.0,21.64
t0045,L_FI_SE3,1824.55,1200.0,100.0
t0045,L_DK1_SE3,740.0,740.0,100.0
t0045,L_DK2_SE4,1700.0,1700.0,100.0
t0045,L_PL_SE4,600.0,600.0,100.0
t0045,L_LT_SE4,700.0,700.0,100.0
t0045,L_DE_SE4,615.0,615.0,100.0
t0046,L_SE1_SE2,837.65,3300.0,25.38
t0046,L_SE2_SE3,6551.63,7300.0,89.75
t0046,L_SE3_SE4,427.32,5300.0,8.06
t0046,L_NO4_SE1,-600.0,600.0,100.0
t0046,L_NO3_SE2,-1000.0,1000.0,100.0
t0046,L_NO1_SE3,2101.43,2145.0,97.97
t0046,L_FI_SE1,-340.44,1500.0,22.7
t0046,L_FI_SE3,1840.44,1200.0,100.0
t0046,L_DK1_SE3,740.0,740.0,100.0
t0046,L_DK2_SE4,1700.0,1700.0,100.0
t0046,L_PL_SE4,600.0,600.0,100.0
t0046,L_LT_SE4,700.0,700.0,100.0
t0046,L_DE_SE4,615.0,615.0,100.0
t0047,L_SE1_SE2,951.38,3300.0,28.83
t0047,L_SE2_SE3,6551.63,7300.0,89.75
t0047,L_SE3_SE4,480.4,5300.0,9.06
t0047,L_NO4_SE1,-600.0,600.0,100.0
t0047,L_NO3_SE2,-1000.0,1000.0,100.0
t0047,L_NO1_SE3,2145.0,2145.0,100.0
t0047,L_FI_SE1,-347.95,1500.0,23.2
t0047,L_FI_SE3,1847.95,1200.0,100.0
t0047,L_DK1_SE3,740.0,740.0,100.0
t0047,L_DK2_SE4,1700.0,1700.0,100.0
t0047,L_PL_SE4,600.0,600.0,100.0
t0047,L_LT_SE4,700.0,700.0,100.0
t0047,L_DE_SE4,615.0,615.0,100.0
t0048,L_SE1_SE2,1229.18,3300.0,37.25
t0048,L_SE2_SE3,6219.57,7300.0,85.2
t0048,L_SE3_SE4,376.24,5300.0,7.1
t0048,L_NO4_SE1,-600.0,600.0,100.0
t0048,L_NO3_SE2,-1000.0,1000.0,100.0
t0048,L_NO1_SE3,2145.0,2145.0,100.0
t0048,L_FI_SE1,-487.37,1500.0,32.49
t0048,L_FI_SE3,1640.26,1200.0,100.0
t0048,L_DK1_SE3,740.0,740.0,100.0
t0048,L_DK2_SE4,1700.0,1700.0,100.0
t0048,L_PL_SE4,600.0,600.0,100.0
t0048,L_LT_SE4,700.0,700.0,100.0
t0048,L_DE_SE4,615.0,615.0,100.0
t0049,L_SE1_SE2,1359.43,3300.0,41.19
t0049,L_SE2_SE3,6112.11,7300.0,83.73
t0049,L_SE3_SE4,250.94,5300.0,4.73
t0049,L_NO4_SE1,-600.0,600.0,100.0
t0049,L_NO3_SE2,-1000.0,1000.0,100.0
t0049,L_NO1_SE3,2145.0,2145.0,100.0
t0049,L_FI_SE1,-458.03,1500.0,30.54
t0049,L_FI_SE3,1652.84,1200.0,100.0
t0049,L_DK1_SE3,740.0,740.0,100.0
t0049,L_DK2_SE4,1700.0,1700.0,100.0
t0049,L_PL_SE4,600.0,600.0,100.0
t0049,L_LT_SE4,700.0,700.0,100.0
t0049,L_DE_SE4,615.0,615.0,100.0
t0050,L_SE1_SE2,1366.46,3300.0,41.41
t0050,L_SE2_SE3,5911.93,7300.0,80.99
t0050,L_SE3_SE4,176.23,5300.0,3.33
t0050,L_NO4_SE1,-600.0,600.0,100.0
t0050,L_NO3_SE2,-1000.0,1000.0,100.0
t0050,L_NO1_SE3,2145.0,2145.0,100.0
t0050,L_FI_SE1,-443.36,1500.0,29.56
t0050,L_FI_SE3,1605.18,1200.0,100.0
t0050,L_DK1_SE3,740.0,740.0,100.0
t0050,L_DK2_SE4,1700.0,1700.0,100.0
t0050,L_PL_SE4,600.0,600.0,100.0
t0050,L_LT_SE4,700.0,700.0,100.0
t0050,L_DE_SE4,615.0,615.0,100.0
t0051,L_SE1_SE2,1347.12,3300.0,40.82
t0051,L_SE2_SE3,5744.94,7300.0,78.7
t0051,L_SE3_SE4,154.35,5300.0,2.91
t0051,L_NO4_SE1,-600.0,600.0,100.0
t0051,L_NO3_SE2,-1000.0,1000.0,100.0
t0051,L_NO1_SE3,2145.0,2145.0,100.0
t0051,L_FI_SE1,-507.46,1500.0,33.83
t0051,L_FI_SE3,1485.77,1200.0,100.0
t0051,L_DK1_SE3,740.0,740.0,100.0
t0051,L_DK2_SE4,1700.0,1700.0,100.0
t0051,L_PL_SE4,600.0,600.0,100.0
t0051,L_LT_SE4,700.0,700.0,100.0
t0051,L_DE_SE4,615.0,615.0,100.0
t0052,L_SE1_SE2,1316.27,3300.0,39.89
t0052,L_SE2_SE3,5672.06,7300.0,77.7
t0052,L_SE3_SE4,137.11,5300.0,2.59
t0052,L_NO4_SE1,-600.0,600.0,100.0
t0052,L_NO3_SE2,-1000.0,1000.0,100.0
t0052,L_NO1_SE3,2145.0,2145.0,100.0
t0052,L_FI_SE1,-502.36,1500.0,33.49
t0052,L_FI_SE3,1463.76,1200.0,100.0
t0052,L_DK1_SE3,740.0,740.0,100.0
t0052,L_DK2_SE4,1700.0,1700.0,100.0
t0052,L_PL_SE4,600.0,600.0,100.0
t0052,L_LT_SE4,700.0,700.0,100.0
t0052,L_DE_SE4,615.0,615.0,100.0
t0053,L_SE1_SE2,1192.57,3300.0,36.14
t0053,L_SE2_SE3,5916.99,7300.0,81.05
t0053,L_SE3_SE4,176.66,5300.0,3.33
t0053,L_NO4_SE1,-600.0,600.0,100.0
t0053,L_NO3_SE2,-1000.0,1000.0,100.0
t0053,L_NO1_SE3,2145.0,2145.0,100.0
t0053,L_FI_SE1,-433.37,1500.0,28.89
t0053,L_FI_SE3,1593.81,1200.0,100.0
t0053,L_DK1_SE3,740.0,740.0,100.0
t0053,L_DK2_SE4,1700.0,1700.0,100.0
t0053,L_PL_SE4,600.0,600.0,100.0
t0053,L_LT_SE4,700.0,700.0,100.0
t0053,L_DE_SE4,615.0,615.0,100.0
t0054,L_SE1_SE2,1169.96,3300.0,35.45
t0054,L_SE2_SE3,6398.59,7300.0,87.65
t0054,L_SE3_SE4,371.99,5300.0,7.02
t0054,L_NO4_SE1,-600.0,600.0,100.0
t0054,L_NO3_SE2,-1000.0,1000.0,100.0
t0054,L_NO1_SE3,1467.54,2145.0,68.42
t0054,L_FI_SE1,-393.78,1500.0,26.25
t0054,L_FI_SE3,1782.61,1200.0,100.0
t0054,L_DK1_SE3,740.0,740.0,100.0
t0054,L_DK2_SE4,1700.0,1700.0,100.0
t0054,L_PL_SE4,600.0,600.0,100.0
t0054,L_LT_SE4,700.0,700.0,100.0
t0054,L_DE_SE4,615.0,615.0,100.0
t0055,L_SE1_SE2,957.69,3300.0,29.02
t0055,L_SE2_SE3,6551.63,7300.0,89.75
t0055,L_SE3_SE4,682.5,5300.0,12.88
t0055,L_NO4_SE1,-600.0,600.0,100.0
t0055,L_NO3_SE2,-1000.0,1000.0,100.0
t0055,L_NO1_SE3,499.14,2145.0,23.27
t0055,L_FI_SE1,-348.37,1500.0,23.22
t0055,L_FI_SE3,1848.37,1200.0,100.0
t0055,L_DK1_SE3,740.0,740.0,100.0
t0055,L_DK2_SE4,1700.0,1700.0,100.0
t0055,L_PL_SE4,600.0,600.0,100.0
t0055,L_LT_SE4,700.0,700.0,100.0
t0055,L_DE_SE4,615.0,615.0,100.0
t0056,L_SE1_SE2,852.62,3300.0,25.84
t0056,L_SE2_SE3,6551.63,7300.0,89.75
t0056,L_SE3_SE4,733.8,5300.0,13.85
t0056,L_NO4_SE1,-600.0,600.0,100.0
t0056,L_NO3_SE2,-1000.0,1000.0,100.0
t0056,L_NO1_SE3,274.4,2145.0,12.79
t0056,L_FI_SE1,-341.43,1500.0,22.76
t0056,L_FI_SE3,1841.43,1200.0,100.0
t0056,L_DK1_SE3,740.0,740.0,100.0
t0056,L_DK2_SE4,1700.0,1700.0,100.0
t0056,L_PL_SE4,600.0,600.0,100.0
t0056,L_LT_SE4,700.0,700.0,100.0
t0056,L_DE_SE4,615.0,615.0,100.0
t0057,L_SE1_SE2,793.91,3300.0,24.06
t0057,L_SE2_SE3,6643.96,7300.0,91.01
t0057,L_SE3_SE4,756.46,5300.0,14.27
t0057,L_NO4_SE1,-600.0,600.0,100.0
t0057,L_NO3_SE2,-893.99,1000.0,89.4
t0057,L_NO1_SE3,181.86,2145.0,8.48
t0057,L_FI_SE1,-352.14,1500.0,23.48
t0057,L_FI_SE3,1852.14,1200.0,100.0
t0057,L_DK1_SE3,740.0,740.0,100.0
t0057,L_DK2_SE4,1700.0,1700.0,100.0
t0057,L_PL_SE4,600.0,600.0,100.0
t0057,L_LT_SE4,700.0,700.0,100.0
t0057,L_DE_SE4,615.0,615.0,100.0
t0058,L_SE1_SE2,863.67,3300.0,26.17
t0058,L_SE2_SE3,6734.53,7300.0,92.25
t0058,L_SE3_SE4,840.67,5300.0,15.86
t0058,L_NO4_SE1,-600.0,600.0,100.0
t0058,L_NO3_SE2,-790.0,1000.0,79.0
t0058,L_NO1_SE3,54.43,2145.0,2.54
t0058,L_FI_SE1,-371.06,1500.0,24.74
t0058,L_FI_SE3,1871.06,1200.0,100.0
t0058,L_DK1_SE3,740.0,740.0,100.0
t0058,L_DK2_SE4,1700.0,1700.0,100.0
t0058,L_PL_SE4,600.0,600.0,100.0
t0058,L_LT_SE4,700.0,700.0,100.0
t0058,L_DE_SE4,615.0,615.0,100.0
t0059,L_SE1_SE2,902.22,3300.0,27.34
t0059,L_SE2_SE3,6631.76,7300.0,90.85
t0059,L_SE3_SE4,922.83,5300.0,17.41
t0059,L_NO4_SE1,-600.0,600.0,100.0
t0059,L_NO3_SE2,-908.0,1000.0,90.8
t0059,L_NO1_SE3,85.17,2145.0,3.97
t0059,L_FI_SE1,-357.36,1500.0,23.82
t0059,L_FI_SE3,1857.36,1200.0,100.0
t0059,L_DK1_SE3,740.0,740.0,100.0
t0059,L_DK2_SE4,1700.0,1700.0,100.0
t0059,L_PL_SE4,600.0,600.0,100.0
t0059,L_LT_SE4,700.0,700.0,100.0
t0059,L_DE_SE4,615.0,615.0,100.0
t0060,L_SE1_SE2,1387.38,3300.0,42.04
t0060,L_SE2_SE3,6680.59,7300.0,91.51
t0060,L_SE3_SE4,856.31,5300.0,16.16
t0060,L_NO4_SE1,-600.0,600.0,100.0
t0060,L_NO3_SE2,-622.47,1000.0,62.25
t0060,L_NO1_SE3,59.88,2145.0,2.79
t0060,L_FI_SE1,-397.1,1500.0,26.47
t0060,L_FI_SE3,1897.1,1200.0,100.0
t0060,L_DK1_SE3,740.0,740.0,100.0
t0060,L_DK2_SE4,1700.0,1700.0,100.0
t0060,L_PL_SE4,600.0,600.0,100.0
t0060,L_LT_SE4,700.0,700.0,100.0
t0060,L_DE_SE4,615.0,615.0,100.0
t0061,L_SE1_SE2,1036.25,3300.0,31.4
t0061,L_SE2_SE3,6518.82,7300.0,89.3
t0061,L_SE3_SE4,917.17,5300.0,17.31
t0061,L_NO4_SE1,-600.0,600.0,100.0
t0061,L_NO3_SE2,-1000.0,1000.0,100.0
t0061,L_NO1_SE3,0.71,2145.0,0.03
t0061,L_FI_SE1,-348.37,1500.0,23.22
t0061,L_FI_SE3,1848.37,1200.0,100.0
t0061,L_DK1_SE3,740.0,740.0,100.0
t0061,L_DK2_SE4,1700.0,1700.0,100.0
t0061,L_PL_SE4,600.0,600.0,100.0
t0061,L_LT_SE4,700.0,700.0,100.0
t0061,L_DE_SE4,615.0,615.0,100.0
t0062,L_SE1_SE2,1564.33,3300.0,47.4
t0062,L_SE2_SE3,6764.29,7300.0,92.66
t0062,L_SE3_SE4,1060.66,5300.0,20.01
t0062,L_NO4_SE1,-600.0,600.0,100.0
t0062,L_NO3_SE2,-429.54,1000.0,42.95
t0062,L_NO1_SE3,-271.74,2145.0,12.67
t0062,L_FI_SE1,-422.0,1500.0,28.13
t0062,L_FI_SE3,1922.0,1200.0,100.0
t0062,L_DK1_SE3,740.0,740.0,100.0
t0062,L_DK2_SE4,1700.0,1700.0,100.0
t0062,L_PL_SE4,600.0,600.0,100.0
t0062,L_LT_SE4,700.0,700.0,100.0
t0062,L_DE_SE4,615.0,615.0,100.0
t0063,L_SE1_SE2,1713.78,3300.0,51.93
t0063,L_SE2_SE3,7016.29,7300.0,96.11
t0063,L_SE3_SE4,1074.36,5300.0,20.27
t0063,L_NO4_SE1,-600.0,600.0,100.0
t0063,L_NO3_SE2,-44.68,1000.0,4.47
t0063,L_NO1_SE3,-633.66,2145.0,29.54
t0063,L_FI_SE1,-471.68,1500.0,31.45
t0063,L_FI_SE3,1971.68,1200.0,100.0
t0063,L_DK1_SE3,740.0,740.0,100.0
t0063,L_DK2_SE4,1700.0,1700.0,100.0
t0063,L_PL_SE4,600.0,600.0,100.0
t0063,L_LT_SE4,700.0,700.0,100.0
t0063,L_DE_SE4,615.0,615.0,100.0
t0064,L_SE1_SE2,1778.95,3300.0,53.91
t0064,L_SE2_SE3,6717.02,7300.0,92.01
t0064,L_SE3_SE4,1117.98,5300.0,21.09
t0064,L_NO4_SE1,-600.0,600.0,100.0
t0064,L_NO3_SE2,-377.66,1000.0,37.77
t0064,L_NO1_SE3,-830.3,2145.0,38.71
t0064,L_FI_SE1,-428.7,1500.0,28.58
t0064,L_FI_SE3,1928.7,1200.0,100.0
t0064,L_DK1_SE3,740.0,740.0,100.0
t0064,L_DK2_SE4,1700.0,1700.0,100.0
t0064,L_PL_SE4,600.0,600.0,100.0
t0064,L_LT_SE4,700.0,700.0,100.0
t0064,L_DE_SE4,615.0,615.0,100.0
t0065,L_SE1_SE2,1949.42,3300.0,59.07
t0065,L_SE2_SE3,6715.39,7300.0,91.99
t0065,L_SE3_SE4,1074.01,5300.0,20.26
t0065,L_NO4_SE1,-600.0,600.0,100.0
t0065,L_NO3_SE2,-292.5,1000.0,29.25
t0065,L_NO1_SE3,-874.89,2145.0,40.79
t0065,L_FI_SE1,-439.69,1500.0,29.31
t0065,L_FI_SE3,1939.69,1200.0,100.0
t0065,L_DK1_SE3,740.0,740.0,100.0
t0065,L_DK2_SE4,1700.0,1700.0,100.0
t0065,L_PL_SE4,600.0,600.0,100.0
t0065,L_LT_SE4,700.0,700.0,100.0
t0065,L_DE_SE4,615.0,615.0,100.0
t0066,L_SE1_SE2,1935.44,3300.0,58.65
t0066,L_SE2_SE3,6472.28,7300.0,88.66
t0066,L_SE3_SE4,1031.09,5300.0,19.45
t0066,L_NO4_SE1,-600.0,600.0,100.0
t0066,L_NO3_SE2,-597.21,1000.0,59.72
t0066,L_NO1_SE3,-527.53,2145.0,24.59
t0066,L_FI_SE1,-400.36,1500.0,26.69
t0066,L_FI_SE3,1900.36,1200.0,100.0
t0066,L_DK1_SE3,740.0,740.0,100.0
t0066,L_DK2_SE4,1700.0,1700.0,100.0
t0066,L_PL_SE4,600.0,600.0,100.0
t0066,L_LT_SE4,700.0,700.0,100.0
t0066,L_DE_SE4,615.0,615.0,100.0
t0067,L_SE1_SE2,1850.04,3300.0,56.06
t0067,L_SE2_SE3,6534.12,7300.0,89.51
t0067,L_SE3_SE4,1048.52,5300.0,19.78
t0067,L_NO4_SE1,-600.0,600.0,100.0
t0067,L_NO3_SE2,-565.19,1000.0,56.52
t0067,L_NO1_SE3,-372.35,2145.0,17.36
t0067,L_FI_SE1,-404.49,1500.0,26.97
t0067,L_FI_SE3,1904.49,1200.0,100.0
t0067,L_DK1_SE3,740.0,740.0,100.0
t0067,L_DK2_SE4,1700.0,1700.0,100.0
t0067,L_PL_SE4,600.0,600.0,100.0
t0067,L_LT_SE4,700.0,700.0,100.0
t0067,L_DE_SE4,615.0,615.0,100.0
t0068,L_SE1_SE2,2151.3,3300.0,65.19
t0068,L_SE2_SE3,6897.34,7300.0,94.48
t0068,L_SE3_SE4,1078.32,5300.0,20.35
t0068,L_NO4_SE1,-600.0,600.0,100.0
t0068,L_NO3_SE2,33.42,1000.0,3.34
t0068,L_NO1_SE3,-335.95,2145.0,15.66
t0068,L_FI_SE1,-481.77,1500.0,32.12
t0068,L_FI_SE3,1981.77,1200.0,100.0
t0068,L_DK1_SE3,740.0,740.0,100.0
t0068,L_DK2_SE4,1700.0,1700.0,100.0
t0068,L_PL_SE4,600.0,600.0,100.0
t0068,L_LT_SE4,700.0,700.0,100.0
t0068,L_DE_SE4,615.0,615.0,100.0
t0069,L_SE1_SE2,2157.05,3300.0,65.37
t0069,L_SE2_SE3,6500.77,7300.0,89.05
t0069,L_SE3_SE4,1068.28,5300.0,20.16
t0069,L_NO4_SE1,-600.0,600.0,100.0
t0069,L_NO3_SE2,-449.04,1000.0,44.9
t0069,L_NO1_SE3,203.62,2145.0,9.49
t0069,L_FI_SE1,-419.49,1500.0,27.97
t0069,L_FI_SE3,1919.49,1200.0,100.0
t0069,L_DK1_SE3,740.0,740.0,100.0
t0069,L_DK2_SE4,1700.0,1700.0,100.0
t0069,L_PL_SE4,600.0,600.0,100.0
t0069,L_LT_SE4,700.0,700.0,100.0
t0069,L_DE_SE4,615.0,615.0,100.0
t0070,L_SE1_SE2,1220.16,3300.0,36.97
t0070,L_SE2_SE3,6442.0,7300.0,88.25
t0070,L_SE3_SE4,1033.01,5300.0,19.49
t0070,L_NO4_SE1,-600.0,600.0,100.0
t0070,L_NO3_SE2,-1000.0,1000.0,100.0
t0070,L_NO1_SE3,1037.79,2145.0,48.38
t0070,L_FI_SE1,-348.37,1500.0,23.22
t0070,L_FI_SE3,1848.37,1200.0,100.0
t0070,L_DK1_SE3,740.0,740.0,100.0
t0070,L_DK2_SE4,1700.0,1700.0,100.0
t0070,L_PL_SE4,600.0,600.0,100.0
t0070,L_LT_SE4,700.0,700.0,100.0
t0070,L_DE_SE4,615.0,615.0,100.0
t0071,L_SE1_SE2,944.55,3300.0,28.62
t0071,L_SE2_SE3,6551.63,7300.0,89.75
t0071,L_SE3_SE4,1097.26,5300.0,20.7
t0071,L_NO4_SE1,-600.0,600.0,100.0
t0071,L_NO3_SE2,-1000.0,1000.0,100.0
t0071,L_NO1_SE3,1204.79,2145.0,56.17
t0071,L_FI_SE1,-347.5,1500.0,23.17
t0071,L_FI_SE3,1847.5,1200.0,100.0
t0071,L_DK1_SE3,740.0,740.0,100.0
t0071,L_DK2_SE4,1700.0,1700.0,100.0
t0071,L_PL_SE4,600.0,600.0,100.0
t0071,L_LT_SE4,700.0,700.0,100.0
t0071,L_DE_SE4,615.0,615.0,100.0
t0072,L_SE1_SE2,688.2,3300.0,20.85
t0072,L_SE2_SE3,6551.63,7300.0,89.75
t0072,L_SE3_SE4,1199.68,5300.0,22.64
t0072,L_NO4_SE1,-600.0,600.0,100.0
t0072,L_NO3_SE2,-1000.0,1000.0,100.0
t0072,L_NO1_SE3,1423.07,2145.0,66.34
t0072,L_FI_SE1,-330.58,1500.0,22.04
t0072,L_FI_SE3,1830.58,1200.0,100.0
t0072,L_DK1_SE3,740.0,740.0,100.0
t0072,L_DK2_SE4,1700.0,1700.0,100.0
t0072,L_PL_SE4,600.0,600.0,100.0
t0072,L_LT_SE4,700.0,700.0,100.0
t0072,L_DE_SE4,615.0,615.0,100.0
t0073,L_SE1_SE2,706.51,3300.0,21.41
t0073,L_SE2_SE3,6551.63,7300.0,89.75
t0073,L_SE3_SE4,1218.16,5300.0,22.98
t0073,L_NO4_SE1,-600.0,600.0,100.0
t0073,L_NO3_SE2,-1000.0,1000.0,100.0
t0073,L_NO1_SE3,1432.81,2145.0,66.8
t0073,L_FI_SE1,-331.79,1500.0,22.12
t0073,L_FI_SE3,1831.79,1200.0,100.0
t0073,L_DK1_SE3,740.0,740.0,100.0
t0073,L_DK2_SE4,1700.0,1700.0,100.0
t0073,L_PL_SE4,600.0,600.0,100.0
t0073,L_LT_SE4,700.0,700.0,100.0
t0073,L_DE_SE4,615.0,615.0,100.0
t0074,L_SE1_SE2,733.91,3300.0,22.24
t0074,L_SE2_SE3,6551.63,7300.0,89.75
t0074,L_SE3_SE4,1321.49,5300.0,24.93
t0074,L_NO4_SE1,-600.0,600.0,100.0
t0074,L_NO3_SE2,-1000.0,1000.0,100.0
t0074,L_NO1_SE3,1185.14,2145.0,55.25
t0074,L_FI_SE1,-333.6,1500.0,22.24
t0074,L_FI_SE3,1833.6,1200.0,100.0
t0074,L_DK1_SE3,740.0,740.0,100.0
t0074,L_DK2_SE4,1700.0,1700.0,100.0
t0074,L_PL_SE4,600.0,600.0,100.0
t0074,L_LT_SE4,700.0,700.0,100.0
t0074,L_DE_SE4,615.0,615.0,100.0
t0075,L_SE1_SE2,765.44,3300.0,23.2
t0075,L_SE2_SE3,6551.63,7300.0,89.75
t0075,L_SE3_SE4,1440.79,5300.0,27.18
t0075,L_NO4_SE1,-600.0,600.0,100.0
t0075,L_NO3_SE2,-1000.0,1000.0,100.0
t0075,L_NO1_SE3,1173.21,2145.0,54.69
t0075,L_FI_SE1,-335.68,1500.0,22.38
t0075,L_FI_SE3,1835.68,1200.0,100.0
t0075,L_DK1_SE3,740.0,740.0,100.0
t0075,L_DK2_SE4,1700.0,1700.0,100.0
t0075,L_PL_SE4,600.0,600.0,100.0
t0075,L_LT_SE4,700.0,700.0,100.0
t0075,L_DE_SE4,615.0,615.0,100.0
t0076,L_SE1_SE2,672.81,3300.0,20.39
t0076,L_SE2_SE3,6551.63,7300.0,89.75
t0076,L_SE3_SE4,1495.0,5300.0,28.21
t0076,L_NO4_SE1,-600.0,600.0,100.0
t0076,L_NO3_SE2,-1000.0,1000.0,100.0
t0076,L_NO1_SE3,1015.91,2145.0,47.36
t0076,L_FI_SE1,-329.56,1500.0,21.97
t0076,L_FI_SE3,1829.56,1200.0,100.0
t0076,L_DK1_SE3,740.0,740.0,100.0
t0076,L_DK2_SE4,1700.0,1700.0,100.0
t0076,L_PL_SE4,600.0,600.0,100.0
t0076,L_LT_SE4,700.0,700.0,100.0
t0076,L_DE_SE4,615.0,615.0,100.0
t0077,L_SE1_SE2,605.78,3300.0,18.36
t0077,L_SE2_SE3,6551.63,7300.0,89.75
t0077,L_SE3_SE4,1597.2,5300.0,30.14
t0077,L_NO4_SE1,-600.0,600.0,100.0
t0077,L_NO3_SE2,-1000.0,1000.0,100.0
t0077,L_NO1_SE3,618.52,2145.0,28.84
t0077,L_FI_SE1,-325.14,1500.0,21.68
t0077,L_FI_SE3,1825.14,1200.0,100.0
t0077,L_DK1_SE3,740.0,740.0,100.0
t0077,L_DK2_SE4,1700.0,1700.0,100.0
t0077,L_PL_SE4,600.0,600.0,100.0
t0077,L_LT_SE4,700.0,700.0,100.0
t0077,L_DE_SE4,615.0,615.0,100.0
t0078,L_SE1_SE2,494.61,3300.0,14.99
t0078,L_SE2_SE3,6551.63,7300.0,89.75
t0078,L_SE3_SE4,1820.75,5300.0,34.35
t0078,L_NO4_SE1,-600.0,600.0,100.0
t0078,L_NO3_SE2,-1000.0,1000.0,100.0
t0078,L_NO1_SE3,-302.54,2145.0,14.1
t0078,L_FI_SE1,-317.8,1500.0,21.19
t0078,L_FI_SE3,1817.8,1200.0,100.0
t0078,L_DK1_SE3,740.0,740.0,100.0
t0078,L_DK2_SE4,1564.25,1700.0,92.01
t0078,L_PL_SE4,600.0,600.0,100.0
t0078,L_LT_SE4,700.0,700.0,100.0
t0078,L_DE_SE4,615.0,615.0,100.0
t0079,L_SE1_SE2,534.81,3300.0,16.21
t0079,L_SE2_SE3,6551.63,7300.0,89.75
t0079,L_SE3_SE4,2104.09,5300.0,39.7
t0079,L_NO4_SE1,-600.0,600.0,100.0
t0079,L_NO3_SE2,-1000.0,1000.0,100.0
t0079,L_NO1_SE3,-1029.51,2145.0,48.0
t0079,L_FI_SE1,-320.46,1500.0,21.36
t0079,L_FI_SE3,1820.46,1200.0,100.0
t0079,L_DK1_SE3,740.0,740.0,100.0
t0079,L_DK2_SE4,1280.91,1700.0,75.35
t0079,L_PL_SE4,600.0,600.0,100.0
t0079,L_LT_SE4,700.0,700.0,100.0
t0079,L_DE_SE4,615.0,615.0,100.0
t0080,L_SE1_SE2,590.89,3300.0,17.91
t0080,L_SE2_SE3,6551.63,7300.0,89.75
t0080,L_SE3_SE4,2131.69,5300.0,40.22
t0080,L_NO4_SE1,-600.0,600.0,100.0
t0080,L_NO3_SE2,-1000.0,1000.0,100.0
t0080,L_NO1_SE3,-1142.96,2145.0,53.28
t0080,L_FI_SE1,-324.16,1500.0,21.61
t0080,L_FI_SE3,1824.16,1200.0,100.0
t0080,L_DK1_SE3,740.0,740.0,100.0
t0080,L_DK2_SE4,1253.31,1700.0,73.72
t0080,L_PL_SE4,600.0,600.0,100.0
t0080,L_LT_SE4,700.0,700.0,100.0
t0080,L_DE_SE4,615.0,615.0,100.0
t0081,L_SE1_SE2,678.83,3300.0,20.57
t0081,L_SE2_SE3,6551.63,7300.0,89.75
t0081,L_SE3_SE4,2039.3,5300.0,38.48
t0081,L_NO4_SE1,-600.0,600.0,100.0
t0081,L_NO3_SE2,-1000.0,1000.0,100.0
t0081,L_NO1_SE3,-1128.3,2145.0,52.6
t0081,L_FI_SE1,-329.96,1500.0,22.0
t0081,L_FI_SE3,1829.96,1200.0,100.0
t0081,L_DK1_SE3,740.0,740.0,100.0
t0081,L_DK2_SE4,1345.7,1700.0,79.16
t0081,L_PL_SE4,600.0,600.0,100.0
t0081,L_LT_SE4,700.0,700.0,100.0
t0081,L_DE_SE4,615.0,615.0,100.0
t0082,L_SE1_SE2,681.86,3300.0,20.66
t0082,L_SE2_SE3,6551.63,7300.0,89.75
t0082,L_SE3_SE4,1978.56,5300.0,37.33
t0082,L_NO4_SE1,-600.0,600.0,100.0
t0082,L_NO3_SE2,-1000.0,1000.0,100.0
t0082,L_NO1_SE3,-1150.41,2145.0,53.63
t0082,L_FI_SE1,-330.16,1500.0,22.01
t0082,L_FI_SE3,1830.16,1200.0,100.0
t0082,L_DK1_SE3,740.0,740.0,100.0
t0082,L_DK2_SE4,1406.44,1700.0,82.73
t0082,L_PL_SE4,600.0,600.0,100.0
t0082,L_LT_SE4,700.0,700.0,100.0
t0082,L_DE_SE4,615.0,615.0,100.0
t0083,L_SE1_SE2,759.26,3300.0,23.01
t0083,L_SE2_SE3,6551.63,7300.0,89.75
t0083,L_SE3_SE4,1873.56,5300.0,35.35
t0083,L_NO4_SE1,-600.0,600.0,100.0
t0083,L_NO3_SE2,-1000.0,1000.0,100.0
t0083,L_NO1_SE3,-1087.55,2145.0,50.7
t0083,L_FI_SE1,-335.27,1500.0,22.35
t0083,L_FI_SE3,1835.27,1200.0,100.0
t0083,L_DK1_SE3,740.0,740.0,100.0
t0083,L_DK2_SE4,1511.44,1700.0,88.91
t0083,L_PL_SE4,600.0,600.0,100.0
t0083,L_LT_SE4,700.0,700.0,100.0
t0083,L_DE_SE4,615.0,615.0,100.0
t0084,L_SE1_SE2,537.69,3300.0,16.29
t0084,L_SE2_SE3,6551.63,7300.0,89.75
t0084,L_SE3_SE4,1799.76,5300.0,33.96
t0084,L_NO4_SE1,-600.0,600.0,100.0
t0084,L_NO3_SE2,-1000.0,1000.0,100.0
t0084,L_NO1_SE3,-1196.89,2145.0,55.8
t0084,L_FI_SE1,-320.65,1500.0,21.38
t0084,L_FI_SE3,1820.65,1200.0,100.0
t0084,L_DK1_SE3,740.0,740.0,100.0
t0084,L_DK2_SE4,1585.24,1700.0,93.25
t0084,L_PL_SE4,600.0,600.0,100.0
t0084,L_LT_SE4,700.0,700.0,100.0
t0084,L_DE_SE4,615.0,615.0,100.0
t0085,L_SE1_SE2,346.62,3300.0,10.5
t0085,L_SE2_SE3,6478.9,7300.0,88.75
t0085,L_SE3_SE4,1754.73,5300.0,33.11
t0085,L_NO4_SE1,-600.0,600.0,100.0
t0085,L_NO3_SE2,-1000.0,1000.0,100.0
t0085,L_NO1_SE3,-1059.7,2145.0,49.4
t0085,L_FI_SE1,-385.57,1500.0,25.7
t0085,L_FI_SE3,1707.52,1200.0,100.0
t0085,L_DK1_SE3,740.0,740.0,100.0
t0085,L_DK2_SE4,1630.27,1700.0,95.9
t0085,L_PL_SE4,600.0,600.0,100.0
t0085,L_LT_SE4,700.0,700.0,100.0
t0085,L_DE_SE4,615.0,615.0,100.0
t0086,L_SE1_SE2,269.28,3300.0,8.16
t0086,L_SE2_SE3,6532.96,7300.0,89.49
t0086,L_SE3_SE4,1665.3,5300.0,31.42
t0086,L_NO4_SE1,-600.0,600.0,100.0
t0086,L_NO3_SE2,-1000.0,1000.0,100.0
t0086,L_NO1_SE3,-1089.78,2145.0,50.81
t0086,L_FI_SE1,-322.83,1500.0,21.52
t0086,L_FI_SE3,1777.13,1200.0,100.0
t0086,L_DK1_SE3,740.0,740.0,100.0
t0086,L_DK2_SE4,1700.0,1700.0,100.0
t0086,L_PL_SE4,600.0,600.0,100.0
t0086,L_LT_SE4,700.0,700.0,100.0
t0086,L_DE_SE4,615.0,615.0,100.0
t0087,L_SE1_SE2,333.35,3300.0,10.1
t0087,L_SE2_SE3,6551.63,7300.0,89.75
t0087,L_SE3_SE4,1591.9,5300.0,30.04
t0087,L_NO4_SE1,-600.0,600.0,100.0
t0087,L_NO3_SE2,-1000.0,1000.0,100.0
t0087,L_NO1_SE3,-1190.22,2145.0,55.49
t0087,L_FI_SE1,-307.16,1500.0,20.48
t0087,L_FI_SE3,1807.16,1200.0,100.0
t0087,L_DK1_SE3,740.0,740.0,100.0
t0087,L_DK2_SE4,1700.0,1700.0,100.0
t0087,L_PL_SE4,600.0,600.0,100.0
t0087,L_LT_SE4,700.0,700.0,100.0
t0087,L_DE_SE4,615.0,615.0,100.0
t0088,L_SE1_SE2,245.76,3300.0,7.45
t0088,L_SE2_SE3,6551.63,7300.0,89.75
t0088,L_SE3_SE4,1474.75,5300.0,27.83
t0088,L_NO4_SE1,-600.0,600.0,100.0
t0088,L_NO3_SE2,-1000.0,1000.0,100.0
t0088,L_NO1_SE3,-828.45,2145.0,38.62
t0088,L_FI_SE1,-301.38,1500.0,20.09
t0088,L_FI_SE3,1801.38,1200.0,100.0
t0088,L_DK1_SE3,740.0,740.0,100.0
t0088,L_DK2_SE4,1700.0,1700.0,100.0
t0088,L_PL_SE4,600.0,600.0,100.0
t0088,L_LT_SE4,700.0,700.0,100.0
t0088,L_DE_SE4,615.0,615.0,100.0
t0089,L_SE1_SE2,338.5,3300.0,10.26
t0089,L_SE2_SE3,6551.63,7300.0,89.75
t0089,L_SE3_SE4,1324.56,5300.0,24.99
t0089,L_NO4_SE1,-600.0,600.0,100.0
t0089,L_NO3_SE2,-1000.0,1000.0,100.0
t0089,L_NO1_SE3,-570.94,2145.0,26.62
t0089,L_FI_SE1,-307.5,1500.0,20.5
t0089,L_FI_SE3,1807.5,1200.0,100.0
t0089,L_DK1_SE3,740.0,740.0,100.0
t0089,L_DK2_SE4,1700.0,1700.0,100.0
t0089,L_PL_SE4,600.0,600.0,100.0
t0089,L_LT_SE4,700.0,700.0,100.0
t0089,L_DE_SE4,615.0,615.0,100.0
t0090,L_SE1_SE2,325.94,3300.0,9.88
t0090,L_SE2_SE3,6518.07,7300.0,89.29
t0090,L_SE3_SE4,1073.12,5300.0,20.25
t0090,L_NO4_SE1,-600.0,600.0,100.0
t0090,L_NO3_SE2,-1000.0,1000.0,100.0
t0090,L_NO1_SE3,89.11,2145.0,4.15
t0090,L_FI_SE1,-342.44,1500.0,22.83
t0090,L_FI_SE3,1760.29,1200.0,100.0
t0090,L_DK1_SE3,740.0,740.0,100.0
t0090,L_DK2_SE4,1700.0,1700.0,100.0
t0090,L_PL_SE4,600.0,600.0,100.0
t0090,L_LT_SE4,700.0,700.0,100.0
t0090,L_DE_SE4,615.0,615.0,100.0
t0091,L_SE1_SE2,144.75,3300.0,4.39
t0091,L_SE2_SE3,6551.63,7300.0,89.75
t0091,L_SE3_SE4,787.71,5300.0,14.86
t0091,L_NO4_SE1,-600.0,600.0,100.0
t0091,L_NO3_SE2,-1000.0,1000.0,100.0
t0091,L_NO1_SE3,768.91,2145.0,35.85
t0091,L_FI_SE1,-294.71,1500.0,19.65
t0091,L_FI_SE3,1794.71,1200.0,100.0
t0091,L_DK1_SE3,740.0,740.0,100.0
t0091,L_DK2_SE4,1700.0,1700.0,100.0
t0091,L_PL_SE4,600.0,600.0,100.0
t0091,L_LT_SE4,700.0,700.0,100.0
t0091,L_DE_SE4,615.0,615.0,100.0
t0092,L_SE1_SE2,55.43,3300.0,1.68
t0092,L_SE2_SE3,6533.97,7300.0,89.51
t0092,L_SE3_SE4,547.11,5300.0,10.32
t0092,L_NO4_SE1,-600.0,600.0,100.0
t0092,L_NO3_SE2,-1000.0,1000.0,100.0
t0092,L_NO1_SE3,1149.13,2145.0,53.57
t0092,L_FI_SE1,-307.64,1500.0,20.51
t0092,L_FI_SE3,1764.41,1200.0,100.0
t0092,L_DK1_SE3,740.0,740.0,100.0
t0092,L_DK2_SE4,1700.0,1700.0,100.0
t0092,L_PL_SE4,600.0,600.0,100.0
t0092,L_LT_SE4,700.0,700.0,100.0
t0092,L_DE_SE4,615.0,615.0,100.0
t0093,L_SE1_SE2,-62.91,3300.0,1.91
t0093,L_SE2_SE3,6551.63,7300.0,89.75
t0093,L_SE3_SE4,317.27,5300.0,5.99
t0093,L_NO4_SE1,-600.0,600.0,100.0
t0093,L_NO3_SE2,-1000.0,1000.0,100.0
t0093,L_NO1_SE3,2001.76,2145.0,93.32
t0093,L_FI_SE1,-281.01,1500.0,18.73
t0093,L_FI_SE3,1781.01,1200.0,100.0
t0093,L_DK1_SE3,740.0,740.0,100.0
t0093,L_DK2_SE4,1700.0,1700.0,100.0
t0093,L_PL_SE4,600.0,600.0,100.0
t0093,L_LT_SE4,700.0,700.0,100.0
t0093,L_DE_SE4,615.0,615.0,100.0
t0094,L_SE1_SE2,218.17,3300.0,6.61
t0094,L_SE2_SE3,7036.36,7300.0,96.39
t0094,L_SE3_SE4,631.47,5300.0,11.91
t0094,L_NO4_SE1,-600.0,600.0,100.0
t0094,L_NO3_SE2,-443.43,1000.0,44.34
t0094,L_NO1_SE3,2145.0,2145.0,100.0
t0094,L_FI_SE1,-376.14,1500.0,25.08
t0094,L_FI_SE3,1876.14,1200.0,100.0
t0094,L_DK1_SE3,740.0,740.0,100.0
t0094,L_DK2_SE4,1700.0,1700.0,100.0
t0094,L_PL_SE4,600.0,600.0,100.0
t0094,L_LT_SE4,700.0,700.0,100.0
t0094,L_DE_SE4,615.0,615.0,100.0
t0095,L_SE1_SE2,22.53,3300.0,0.68
t0095,L_SE2_SE3,6950.63,7300.0,95.21
t0095,L_SE3_SE4,508.28,5300.0,9.59
t0095,L_NO4_SE1,-600.0,600.0,100.0
t0095,L_NO3_SE2,-541.87,1000.0,54.19
t0095,L_NO1_SE3,2145.0,2145.0,100.0
t0095,L_FI_SE1,-349.69,1500.0,23.31
t0095,L_FI_SE3,1849.69,1200.0,100.0
t0095,L_DK1_SE3,740.0,740.0,100.0
t0095,L_DK2_SE4,1700.0,1700.0,100.0
t0095,L_PL_SE4,600.0,600.0,100.0
t0095,L_LT_SE4,700.0,700.0,100.0
t0095,L_DE_SE4,615.0,615.0,100.0
t0096,L_SE1_SE2,-135.17,3300.0,4.1
t0096,L_SE2_SE3,6551.63,7300.0,89.75
t0096,L_SE3_SE4,444.75,5300.0,8.39
t0096,L_NO4_SE1,-600.0,600.0,100.0
t0096,L_NO3_SE2,-1000.0,1000.0,100.0
t0096,L_NO1_SE3,2145.0,2145.0,100.0
t0096,L_FI_SE1,-276.24,1500.0,18.42
t0096,L_FI_SE3,1776.24,1200.0,100.0
t0096,L_DK1_SE3,740.0,740.0,100.0
t0096,L_DK2_SE4,1700.0,1700.0,100.0
t0096,L_PL_SE4,600.0,600.0,100.0
t0096,L_LT_SE4,700.0,700.0,100.0
t0096,L_DE_SE4,615.0,615.0,100.0
t0097,L_SE1_SE2,-256.25,3300.0,7.77
t0097,L_SE2_SE3,6539.51,7300.0,89.58
t0097,L_SE3_SE4,491.96,5300.0,9.28
t0097,L_NO4_SE1,-600.0,600.0,100.0
t0097,L_NO3_SE2,-1000.0,1000.0,100.0
t0097,L_NO1_SE3,2145.0,2145.0,100.0
t0097,L_FI_SE1,-266.33,1500.0,17.76
t0097,L_FI_SE3,1766.33,1200.0,100.0
t0097,L_DK1_SE3,740.0,740.0,100.0
t0097,L_DK2_SE4,1700.0,1700.0,100.0
t0097,L_PL_SE4,600.0,600.0,100.0
t0097,L_LT_SE4,700.0,700.0,100.0
t0097,L_DE_SE4,615.0,615.0,100.0
t0098,L_SE1_SE2,-218.3,3300.0,6.62
t0098,L_SE2_SE3,6035.33,7300.0,82.68
t0098,L_SE3_SE4,411.66,5300.0,7.77
t0098,L_NO4_SE1,-600.0,600.0,100.0
t0098,L_NO3_SE2,-1000.0,1000.0,100.0
t0098,L_NO1_SE3,2145.0,2145.0,100.0
t0098,L_FI_SE1,-189.18,1500.0,12.61
t0098,L_FI_SE3,1689.18,1200.0,100.0
t0098,L_DK1_SE3,740.0,740.0,100.0
t0098,L_DK2_SE4,1700.0,1700.0,100.0
t0098,L_PL_SE4,600.0,600.0,100.0
t0098,L_LT_SE4,700.0,700.0,100.0
t0098,L_DE_SE4,615.0,615.0,100.0
t0099,L_SE1_SE2,-299.76,3300.0,9.08
t0099,L_SE2_SE3,5367.44,7300.0,73.53
t0099,L_SE3_SE4,415.25,5300.0,7.83
t0099,L_NO4_SE1,-600.0,600.0,100.0
t0099,L_NO3_SE2,-1000.0,1000.0,100.0
t0099,L_NO1_SE3,2145.0,2145.0,100.0
t0099,L_FI_SE1,-78.27,1500.0,5.22
t0099,L_FI_SE3,1578.27,1200.0,100.0
t0099,L_DK1_SE3,740.0,740.0,100.0
t0099,L_DK2_SE4,1700.0,1700.0,100.0
t0099,L_PL_SE4,600.0,600.0,100.0
t0099,L_LT_SE4,700.0,700.0,100.0
t0099,L_DE_SE4,615.0,615.0,100.0
t0100,L_SE1_SE2,-406.29,3300.0,12.31
t0100,L_SE2_SE3,5145.17,7300.0,70.48
t0100,L_SE3_SE4,290.91,5300.0,5.49
t0100,L_NO4_SE1,-600.0,600.0,100.0
t0100,L_NO3_SE2,-1000.0,1000.0,100.0
t0100,L_NO1_SE3,2145.0,2145.0,100.0
t0100,L_FI_SE1,-36.12,1500.0,2.41
t0100,L_FI_SE3,1536.12,1200.0,100.0
t0100,L_DK1_SE3,740.0,740.0,100.0
t0100,L_DK2_SE4,1700.0,1700.0,100.0
t0100,L_PL_SE4,600.0,600.0,100.0
t0100,L_LT_SE4,700.0,700.0,100.0
t0100,L_DE_SE4,615.0,615.0,100.0
t0101,L_SE1_SE2,-416.24,3300.0,12.61
t0101,L_SE2_SE3,5417.3,7300.0,74.21
t0101,L_SE3_SE4,357.38,5300.0,6.74
t0101,L_NO4_SE1,-600.0,600.0,100.0
t0101,L_NO3_SE2,-1000.0,1000.0,100.0
t0101,L_NO1_SE3,2145.0,2145.0,100.0
t0101,L_FI_SE1,-78.46,1500.0,5.23
t0101,L_FI_SE3,1578.46,1200.0,100.0
t0101,L_DK1_SE3,740.0,740.0,100.0
t0101,L_DK2_SE4,1700.0,1700.0,100.0
t0101,L_PL_SE4,600.0,600.0,100.0
t0101,L_LT_SE4,700.0,700.0,100.0
t0101,L_DE_SE4,615.0,615.0,100.0
t0102,L_SE1_SE2,-133.98,3300.0,4.06
t0102,L_SE2_SE3,5566.75,7300.0,76.26
t0102,L_SE3_SE4,89.12,5300.0,1.68
t0102,L_NO4_SE1,-600.0,600.0,100.0
t0102,L_NO3_SE2,-1000.0,1000.0,100.0
t0102,L_NO1_SE3,2145.0,2145.0,100.0
t0102,L_FI_SE1,-494.47,1500.0,32.96
t0102,L_FI_SE3,1246.93,1200.0,100.0
t0102,L_DK1_SE3,740.0,740.0,100.0
t0102,L_DK2_SE4,1700.0,1700.0,100.0
t0102,L_PL_SE4,600.0,600.0,100.0
t0102,L_LT_SE4,700.0,700.0,100.0
t0102,L_DE_SE4,615.0,615.0,100.0
t0103,L_SE1_SE2,298.86,3300.0,9.06
t0103,L_SE2_SE3,6184.67,7300.0,84.72
t0103,L_SE3_SE4,446.34,5300.0,8.42
t0103,L_NO4_SE1,-600.0,600.0,100.0
t0103,L_NO3_SE2,-1000.0,1000.0,100.0
t0103,L_NO1_SE3,1655.56,2145.0,77.18
t0103,L_FI_SE1,-696.07,1500.0,46.4
t0103,L_FI_SE3,1297.74,1200.0,100.0
t0103,L_DK1_SE3,740.0,740.0,100.0
t0103,L_DK2_SE4,1700.0,1700.0,100.0
t0103,L_PL_SE4,600.0,600.0,100.0
t0103,L_LT_SE4,700.0,700.0,100.0
t0103,L_DE_SE4,615.0,615.0,100.0
t0104,L_SE1_SE2,409.39,3300.0,12.41
t0104,L_SE2_SE3,6346.52,7300.0,86.94
t0104,L_SE3_SE4,591.14,5300.0,11.15
t0104,L_NO4_SE1,-600.0,600.0,100.0
t0104,L_NO3_SE2,-1000.0,1000.0,100.0
t0104,L_NO1_SE3,1291.7,2145.0,60.22
t0104,L_FI_SE1,-530.83,1500.0,35.39
t0104,L_FI_SE3,1528.71,1200.0,100.0
t0104,L_DK1_SE3,740.0,740.0,100.0
t0104,L_DK2_SE4,1700.0,1700.0,100.0
t0104,L_PL_SE4,600.0,600.0,100.0
t0104,L_LT_SE4,700.0,700.0,100.0
t0104,L_DE_SE4,615.0,615.0,100.0
t0105,L_SE1_SE2,233.67,3300.0,7.08
t0105,L_SE2_SE3,6498.61,7300.0,89.02
t0105,L_SE3_SE4,603.19,5300.0,11.38
t0105,L_NO4_SE1,-600.0,600.0,100.0
t0105,L_NO3_SE2,-1000.0,1000.0,100.0
t0105,L_NO1_SE3,1282.32,2145.0,59.78
t0105,L_FI_SE1,-357.1,1500.0,23.81
t0105,L_FI_SE3,1727.31,1200.0,100.0
t0105,L_DK1_SE3,740.0,740.0,100.0
t0105,L_DK2_SE4,1700.0,1700.0,100.0
t0105,L_PL_SE4,600.0,600.0,100.0
t0105,L_LT_SE4,700.0,700.0,100.0
t0105,L_DE_SE4,615.0,615.0,100.0
t0106,L_SE1_SE2,195.5,3300.0,5.92
t0106,L_SE2_SE3,6551.63,7300.0,89.75
t0106,L_SE3_SE4,556.29,5300.0,10.5
t0106,L_NO4_SE1,-600.0,600.0,100.0
t0106,L_NO3_SE2,-1000.0,1000.0,100.0
t0106,L_NO1_SE3,1154.94,2145.0,53.84
t0106,L_FI_SE1,-298.06,1500.0,19.87
t0106,L_FI_SE3,1798.06,1200.0,100.0
t0106,L_DK1_SE3,740.0,740.0,100.0
t0106,L_DK2_SE4,1700.0,1700.0,100.0
t0106,L_PL_SE4,600.0,600.0,100.0
t0106,L_LT_SE4,700.0,700.0,100.0
t0106,L_DE_SE4,615.0,615.0,100.0
t0107,L_SE1_SE2,209.41,3300.0,6.35
t0107,L_SE2_SE3,6551.63,7300.0,89.75
t0107,L_SE3_SE4,633.7,5300.0,11.96
t0107,L_NO4_SE1,-600.0,600.0,100.0
t0107,L_NO3_SE2,-1000.0,1000.0,100.0
t0107,L_NO1_SE3,1006.64,2145.0,46.93
t0107,L_FI_SE1,-298.98,1500.0,19.93
t0107,L_FI_SE3,1798.98,1200.0,100.0
t0107,L_DK1_SE3,740.0,740.0,100.0
t0107,L_DK2_SE4,1700.0,1700.0,100.0
t0107,L_PL_SE4,600.0,600.0,100.0
t0107,L_LT_SE4,700.0,700.0,100.0
t0107,L_DE_SE4,615.0,615.0,100.0
t0108,L_SE1_SE2,505.86,3300.0,15.33
t0108,L_SE2_SE3,6551.63,7300.0,89.75
t0108,L_SE3_SE4,815.54,5300.0,15.39
t0108,L_NO4_SE1,-600.0,600.0,100.0
t0108,L_NO3_SE2,-1000.0,1000.0,100.0
t0108,L_NO1_SE3,832.49,2145.0,38.81
t0108,L_FI_SE1,-318.55,1500.0,21.24
t0108,L_FI_SE3,1818.55,1200.0,100.0
t0108,L_DK1_SE3,740.0,740.0,100.0
t0108,L_DK2_SE4,1700.0,1700.0,100.0
t0108,L_PL_SE4,600.0,600.0,100.0
t0108,L_LT_SE4,700.0,700.0,100.0
t0108,L_DE_SE4,615.0,615.0,100.0
t0109,L_SE1_SE2,510.87,3300.0,15.48
t0109,L_SE2_SE3,6551.63,7300.0,89.75
t0109,L_SE3_SE4,997.33,5300.0,18.82
t0109,L_NO4_SE1,-600.0,600.0,100.0
t0109,L_NO3_SE2,-1000.0,1000.0,100.0
t0109,L_NO1_SE3,693.27,2145.0,32.32
t0109,L_FI_SE1,-318.88,1500.0,21.26
t0109,L_FI_SE3,1818.88,1200.0,100.0
t0109,L_DK1_SE3,740.0,740.0,100.0
t0109,L_DK2_SE4,1700.0,1700.0,100.0
t0109,L_PL_SE4,600.0,600.0,100.0
t0109,L_LT_SE4,700.0,700.0,100.0
t0109,L_DE_SE4,615.0,615.0,100.0
t0110,L_SE1_SE2,608.56,3300.0,18.44
t0110,L_SE2_SE3,6551.63,7300.0,89.75
t0110,L_SE3_SE4,1216.73,5300.0,22.96
t0110,L_NO4_SE1,-600.0,600.0,100.0
t0110,L_NO3_SE2,-1000.0,1000.0,100.0
t0110,L_NO1_SE3,495.67,2145.0,23.11
t0110,L_FI_SE1,-325.32,1500.0,21.69
t0110,L_FI_SE3,1825.32,1200.0,100.0
t0110,L_DK1_SE3,740.0,740.0,100.0
t0110,L_DK2_SE4,1700.0,1700.0,100.0
t0110,L_PL_SE4,600.0,600.0,100.0
t0110,L_LT_SE4,700.0,700.0,100.0
t0110,L_DE_SE4,615.0,615.0,100.0
t0111,L_SE1_SE2,533.5,3300.0,16.17
t0111,L_SE2_SE3,6551.63,7300.0,89.75
t0111,L_SE3_SE4,1187.38,5300.0,22.4
t0111,L_NO4_SE1,-600.0,600.0,100.0
t0111,L_NO3_SE2,-1000.0,1000.0,100.0
t0111,L_NO1_SE3,477.88,2145.0,22.28
t0111,L_FI_SE1,-320.37,1500.0,21.36
t0111,L_FI_SE3,1820.37,1200.0,100.0
t0111,L_DK1_SE3,740.0,740.0,100.0
t0111,L_DK2_SE4,1700.0,1700.0,100.0
t0111,L_PL_SE4,600.0,600.0,100.0
t0111,L_LT_SE4,700.0,700.0,100.0
t0111,L_DE_SE4,615.0,615.0,100.0
t0112,L_SE1_SE2,395.77,3300.0,11.99
t0112,L_SE2_SE3,6551.63,7300.0,89.75
t0112,L_SE3_SE4,1306.26,5300.0,24.65
t0112,L_NO4_SE1,-600.0,600.0,100.0
t0112,L_NO3_SE2,-1000.0,1000.0,100.0
t0112,L_NO1_SE3,333.38,2145.0,15.54
t0112,L_FI_SE1,-311.28,1500.0,20.75
t0112,L_FI_SE3,1811.28,1200.0,100.0
t0112,L_DK1_SE3,740.0,740.0,100.0
t0112,L_DK2_SE4,1700.0,1700.0,100.0
t0112,L_PL_SE4,600.0,600.0,100.0
t0112,L_LT_SE4,700.0,700.0,100.0
t0112,L_DE_SE4,615.0,615.0,100.0
t0113,L_SE1_SE2,289.86,3300.0,8.78
t0113,L_SE2_SE3,6551.63,7300.0,89.75
t0113,L_SE3_SE4,1386.42,5300.0,26.16
t0113,L_NO4_SE1,-600.0,600.0,100.0
t0113,L_NO3_SE2,-1000.0,1000.0,100.0
t0113,L_NO1_SE3,367.46,2145.0,17.13
t0113,L_FI_SE1,-304.29,1500.0,20.29
t0113,L_FI_SE3,1804.29,1200.0,100.0
t0113,L_DK1_SE3,740.0,740.0,100.0
t0113,L_DK2_SE4,1700.0,1700.0,100.0
t0113,L_PL_SE4,600.0,600.0,100.0
t0113,L_LT_SE4,700.0,700.0,100.0
t0113,L_DE_SE4,615.0,615.0,100.0
t0114,L_SE1_SE2,355.36,3300.0,10.77
t0114,L_SE2_SE3,6502.39,7300.0,89.07
t0114,L_SE3_SE4,1316.58,5300.0,24.84
t0114,L_NO4_SE1,-600.0,600.0,100.0
t0114,L_NO3_SE2,-1000.0,1000.0,100.0
t0114,L_NO1_SE3,783.85,2145.0,36.54
t0114,L_FI_SE1,-361.11,1500.0,24.07
t0114,L_FI_SE3,1740.56,1200.0,100.0
t0114,L_DK1_SE3,740.0,740.0,100.0
t0114,L_DK2_SE4,1700.0,1700.0,100.0
t0114,L_PL_SE4,600.0,600.0,100.0
t0114,L_LT_SE4,700.0,700.0,100.0
t0114,L_DE_SE4,615.0,615.0,100.0
t0115,L_SE1_SE2,829.74,3300.0,25.14
t0115,L_SE2_SE3,6551.63,7300.0,89.75
t0115,L_SE3_SE4,1211.69,5300.0,22.86
t0115,L_NO4_SE1,-600.0,600.0,100.0
t0115,L_NO3_SE2,-1000.0,1000.0,100.0
t0115,L_NO1_SE3,1197.85,2145.0,55.84
t0115,L_FI_SE1,-339.92,1500.0,22.66
t0115,L_FI_SE3,1839.92,1200.0,100.0
t0115,L_DK1_SE3,740.0,740.0,100.0
t0115,L_DK2_SE4,1700.0,1700.0,100.0
t0115,L_PL_SE4,600.0,600.0,100.0
t0115,L_LT_SE4,700.0,700.0,100.0
t0115,L_DE_SE4,615.0,615.0,100.0
t0116,L_SE1_SE2,786.6,3300.0,23.84
t0116,L_SE2_SE3,6551.63,7300.0,89.75
t0116,L_SE3_SE4,1137.9,5300.0,21.47
t0116,L_NO4_SE1,-600.0,600.0,100.0
t0116,L_NO3_SE2,-1000.0,1000.0,100.0
t0116,L_NO1_SE3,1649.71,2145.0,76.91
t0116,L_FI_SE1,-337.07,1500.0,22.47
t0116,L_FI_SE3,1837.07,1200.0,100.0
t0116,L_DK1_SE3,740.0,740.0,100.0
t0116,L_DK2_SE4,1700.0,1700.0,100.0
t0116,L_PL_SE4,600.0,600.0,100.0
t0116,L_LT_SE4,700.0,700.0,100.0
t0116,L_DE_SE4,615.0,615.0,100.0
t0117,L_SE1_SE2,752.99,3300.0,22.82
t0117,L_SE2_SE3,6551.63,7300.0,89.75
t0117,L_SE3_SE4,1050.64,5300.0,19.82
t0117,L_NO4_SE1,-600.0,600.0,100.0
t0117,L_NO3_SE2,-1000.0,1000.0,100.0
t0117,L_NO1_SE3,2115.31,2145.0,98.62
t0117,L_FI_SE1,-334.86,1500.0,22.32
t0117,L_FI_SE3,1834.86,1200.0,100.0
t0117,L_DK1_SE3,740.0,740.0,100.0
t0117,L_DK2_SE4,1700.0,1700.0,100.0
t0117,L_PL_SE4,600.0,600.0,100.0
t0117,L_LT_SE4,700.0,700.0,100.0
t0117,L_DE_SE4,615.0,615.0,100.0
t0118,L_SE1_SE2,344.99,3300.0,10.45
t0118,L_SE2_SE3,6642.36,7300.0,90.99
t0118,L_SE3_SE4,1222.45,5300.0,23.07
t0118,L_NO4_SE1,-600.0,600.0,100.0
t0118,L_NO3_SE2,-895.83,1000.0,89.58
t0118,L_NO1_SE3,2145.0,2145.0,100.0
t0118,L_FI_SE1,-322.26,1500.0,21.48
t0118,L_FI_SE3,1822.26,1200.0,100.0
t0118,L_DK1_SE3,740.0,740.0,100.0
t0118,L_DK2_SE4,1700.0,1700.0,100.0
t0118,L_PL_SE4,600.0,600.0,100.0
t0118,L_LT_SE4,700.0,700.0,100.0
t0118,L_DE_SE4,615.0,615.0,100.0
t0119,L_SE1_SE2,121.04,3300.0,3.67
t0119,L_SE2_SE3,6573.56,7300.0,90.05
t0119,L_SE3_SE4,1372.21,5300.0,25.89
t0119,L_NO4_SE1,-600.0,600.0,100.0
t0119,L_NO3_SE2,-974.82,1000.0,97.48
t0119,L_NO1_SE3,2145.0,2145.0,100.0
t0119,L_FI_SE1,-296.61,1500.0,19.77
t0119,L_FI_SE3,1796.61,1200.0,100.0
t0119,L_DK1_SE3,740.0,740.0,100.0
t0119,L_DK2_SE4,1700.0,1700.0,100.0
t0119,L_PL_SE4,600.0,600.0,100.0
t0119,L_LT_SE4,700.0,700.0,100.0
t0119,L_DE_SE4,615.0,615.0,100.0
t0120,L_SE1_SE2,87.62,3300.0,2.66
t0120,L_SE2_SE3,6551.63,7300.0,89.75
t0120,L_SE3_SE4,1367.41,5300.0,25.8
t0120,L_NO4_SE1,-600.0,600.0,100.0
t0120,L_NO3_SE2,-1000.0,1000.0,100.0
t0120,L_NO1_SE3,2145.0,2145.0,100.0
t0120,L_FI_SE1,-290.94,1500.0,19.4
t0120,L_FI_SE3,1790.94,1200.0,100.0
t0120,L_DK1_SE3,740.0,740.0,100.0
t0120,L_DK2_SE4,1700.0,1700.0,100.0
t0120,L_PL_SE4,600.0,600.0,100.0
t0120,L_LT_SE4,700.0,700.0,100.0
t0120,L_DE_SE4,615.0,615.0,100.0
t0121,L_SE1_SE2,162.83,3300.0,4.93
t0121,L_SE2_SE3,6551.63,7300.0,89.75
t0121,L_SE3_SE4,1366.88,5300.0,25.79
t0121,L_NO4_SE1,-600.0,600.0,100.0
t0121,L_NO3_SE2,-1000.0,1000.0,100.0
t0121,L_NO1_SE3,2145.0,2145.0,100.0
t0121,L_FI_SE1,-295.9,1500.0,19.73
t0121,L_FI_SE3,1795.9,1200.0,100.0
t0121,L_DK1_SE3,740.0,740.0,100.0
t0121,L_DK2_SE4,1700.0,1700.0,100.0
t0121,L_PL_SE4,600.0,600.0,100.0
t0121,L_LT_SE4,700.0,700.0,100.0
t0121,L_DE_SE4,615.0,615.0,100.0
t0122,L_SE1_SE2,316.82,3300.0,9.6
t0122,L_SE2_SE3,6551.63,7300.0,89.75
t0122,L_SE3_SE4,1309.3,5300.0,24.7
t0122,L_NO4_SE1,-600.0,600.0,100.0
t0122,L_NO3_SE2,-1000.0,1000.0,100.0
t0122,L_NO1_SE3,2145.0,2145.0,100.0
t0122,L_FI_SE1,-306.07,1500.0,20.4
t0122,L_FI_SE3,1806.07,1200.0,100.0
t0122,L_DK1_SE3,740.0,740.0,100.0
t0122,L_DK2_SE4,1700.0,1700.0,100.0
t0122,L_PL_SE4,600.0,600.0,100.0
t0122,L_LT_SE4,700.0,700.0,100.0
t0122,L_DE_SE4,615.0,615.0,100.0
t0123,L_SE1_SE2,386.27,3300.0,11.71
t0123,L_SE2_SE3,6551.63,7300.0,89.75
t0123,L_SE3_SE4,1268.58,5300.0,23.94
t0123,L_NO4_SE1,-600.0,600.0,100.0
t0123,L_NO3_SE2,-1000.0,1000.0,100.0
t0123,L_NO1_SE3,2145.0,2145.0,100.0
t0123,L_FI_SE1,-310.65,1500.0,20.71
t0123,L_FI_SE3,1810.65,1200.0,100.0
t0123,L_DK1_SE3,740.0,740.0,100.0
t0123,L_DK2_SE4,1700.0,1700.0,100.0
t0123,L_PL_SE4,600.0,600.0,100.0
t0123,L_LT_SE4,700.0,700.0,100.0
t0123,L_DE_SE4,615.0,615.0,100.0
t0124,L_SE1_SE2,329.09,3300.0,9.97
t0124,L_SE2_SE3,6551.63,7300.0,89.75
t0124,L_SE3_SE4,1243.18,5300.0,23.46
t0124,L_NO4_SE1,-600.0,600.0,100.0
t0124,L_NO3_SE2,-1000.0,1000.0,100.0
t0124,L_NO1_SE3,2145.0,2145.0,100.0
t0124,L_FI_SE1,-306.88,1500.0,20.46
t0124,L_FI_SE3,1806.88,1200.0,100.0
t0124,L_DK1_SE3,740.0,740.0,100.0
t0124,L_DK2_SE4,1700.0,1700.0,100.0
t0124,L_PL_SE4,600.0,600.0,100.0
t0124,L_LT_SE4,700.0,700.0,100.0
t0124,L_DE_SE4,615.0,615.0,100.0
t0125,L_SE1_SE2,244.01,3300.0,7.39
t0125,L_SE2_SE3,6551.63,7300.0,89.75
t0125,L_SE3_SE4,1307.02,5300.0,24.66
t0125,L_NO4_SE1,-600.0,600.0,100.0
t0125,L_NO3_SE2,-1000.0,1000.0,100.0
t0125,L_NO1_SE3,2145.0,2145.0,100.0
t0125,L_FI_SE1,-301.26,1500.0,20.08
t0125,L_FI_SE3,1801.26,1200.0,100.0
t0125,L_DK1_SE3,740.0,740.0,100.0
t0125,L_DK2_SE4,1700.0,1700.0,100.0
t0125,L_PL_SE4,600.0,600.0,100.0
t0125,L_LT_SE4,700.0,700.0,100.0
t0125,L_DE_SE4,615.0,615.0,100.0
t0126,L_SE1_SE2,112.38,3300.0,3.41
t0126,L_SE2_SE3,6551.63,7300.0,89.75
t0126,L_SE3_SE4,1321.51,5300.0,24.93
t0126,L_NO4_SE1,-600.0,600.0,100.0
t0126,L_NO3_SE2,-1000.0,1000.0,100.0
t0126,L_NO1_SE3,2145.0,2145.0,100.0
t0126,L_FI_SE1,-292.58,1500.0,19.51
t0126,L_FI_SE3,1792.58,1200.0,100.0
t0126,L_DK1_SE3,740.0,740.0,100.0
t0126,L_DK2_SE4,1700.0,1700.0,100.0
t0126,L_PL_SE4,600.0,600.0,100.0
t0126,L_LT_SE4,700.0,700.0,100.0
t0126,L_DE_SE4,615.0,615.0,100.0
t0127,L_SE1_SE2,367.24,3300.0,11.13
t0127,L_SE2_SE3,6551.63,7300.0,89.75
t0127,L_SE3_SE4,1209.11,5300.0,22.81
t0127,L_NO4_SE1,-600.0,600.0,100.0
t0127,L_NO3_SE2,-1000.0,1000.0,100.0
t0127,L_NO1_SE3,2145.0,2145.0,100.0
t0127,L_FI_SE1,-309.4,1500.0,20.63
t0127,L_FI_SE3,1809.4,1200.0,100.0
t0127,L_DK1_SE3,740.0,740.0,100.0
t0127,L_DK2_SE4,1700.0,1700.0,100.0
t0127,L_PL_SE4,600.0,600.0,100.0
t0127,L_LT_SE4,700.0,700.0,100.0
t0127,L_DE_SE4,615.0,615.0,100.0
t0128,L_SE1_SE2,615.81,3300.0,18.66
t0128,L_SE2_SE3,6551.63,7300.0,89.75
t0128,L_SE3_SE4,1199.63,5300.0,22.63
t0128,L_NO4_SE1,-600.0,600.0,100.0
t0128,L_NO3_SE2,-1000.0,1000.0,100.0
t0128,L_NO1_SE3,2145.0,2145.0,100.0
t0128,L_FI_SE1,-325.8,1500.0,21.72
t0128,L_FI_SE3,1825.8,1200.0,100.0
t0128,L_DK1_SE3,740.0,740.0,100.0
t0128,L_DK2_SE4,1700.0,1700.0,100.0
t0128,L_PL_SE4,600.0,600.0,100.0
t0128,L_LT_SE4,700.0,700.0,100.0
t0128,L_DE_SE4,615.0,615.0,100.0
t0129,L_SE1_SE2,752.1,3300.0,22.79
t0129,L_SE2_SE3,6551.63,7300.0,89.75
t0129,L_SE3_SE4,1125.07,5300.0,21.23
t0129,L_NO4_SE1,-600.0,600.0,100.0
t0129,L_NO3_SE2,-1000.0,1000.0,100.0
t0129,L_NO1_SE3,2145.0,2145.0,100.0
t0129,L_FI_SE1,-334.8,1500.0,22.32
t0129,L_FI_SE3,1834.8,1200.0,100.0
t0129,L_DK1_SE3,740.0,740.0,100.0
t0129,L_DK2_SE4,1700.0,1700.0,100.0
t0129,L_PL_SE4,600.0,600.0,100.0
t0129,L_LT_SE4,700.0,700.0,100.0
t0129,L_DE_SE4,615.0,615.0,100.0
t0130,L_SE1_SE2,690.27,3300.0,20.92
t0130,L_SE2_SE3,6551.63,7300.0,89.75
t0130,L_SE3_SE4,935.51,5300.0,17.65
t0130,L_NO4_SE1,-600.0,600.0,100.0
t0130,L_NO3_SE2,-1000.0,1000.0,100.0
t0130,L_NO1_SE3,2145.0,2145.0,100.0
t0130,L_FI_SE1,-330.72,1500.0,22.05
t0130,L_FI_SE3,1830.72,1200.0,100.0
t0130,L_DK1_SE3,740.0,740.0,100.0
t0130,L_DK2_SE4,1700.0,1700.0,100.0
t0130,L_PL_SE4,600.0,600.0,100.0
t0130,L_LT_SE4,700.0,700.0,100.0
t0130,L_DE_SE4,615.0,615.0,100.0
t0131,L_SE1_SE2,604.26,3300.0,18.31
t0131,L_SE2_SE3,6551.63,7300.0,89.75
t0131,L_SE3_SE4,872.71,5300.0,16.47
t0131,L_NO4_SE1,-600.0,600.0,100.0
t0131,L_NO3_SE2,-1000.0,1000.0,100.0
t0131,L_NO1_SE3,2115.08,2145.0,98.61
t0131,L_FI_SE1,-325.04,1500.0,21.67
t0131,L_FI_SE3,1825.04,1200.0,100.0
t0131,L_DK1_SE3,740.0,740.0,100.0
t0131,L_DK2_SE4,1700.0,1700.0,100.0
t0131,L_PL_SE4,600.0,600.0,100.0
t0131,L_LT_SE4,700.0,700.0,100.0
t0131,L_DE_SE4,615.0,615.0,100.0
t0132,L_SE1_SE2,596.68,3300.0,18.08
t0132,L_SE2_SE3,6551.63,7300.0,89.75
t0132,L_SE3_SE4,813.34,5300.0,15.35
t0132,L_NO4_SE1,-600.0,600.0,100.0
t0132,L_NO3_SE2,-1000.0,1000.0,100.0
t0132,L_NO1_SE3,2145.0,2145.0,100.0
t0132,L_FI_SE1,-324.54,1500.0,21.64
t0132,L_FI_SE3,1824.54,1200.0,100.0
t0132,L_DK1_SE3,740.0,740.0,100.0
t0132,L_DK2_SE4,1700.0,1700.0,100.0
t0132,L_PL_SE4,600.0,600.0,100.0
t0132,L_LT_SE4,700.0,700.0,100.0
t0132,L_DE_SE4,615.0,615.0,100.0
t0133,L_SE1_SE2,825.98,3300.0,25.03
t0133,L_SE2_SE3,6551.63,7300.0,89.75
t0133,L_SE3_SE4,931.13,5300.0,17.57
t0133,L_NO4_SE1,-600.0,600.0,100.0
t0133,L_NO3_SE2,-1000.0,1000.0,100.0
t0133,L_NO1_SE3,2145.0,2145.0,100.0
t0133,L_FI_SE1,-339.67,1500.0,22.64
t0133,L_FI_SE3,1839.67,1200.0,100.0
t0133,L_DK1_SE3,740.0,740.0,100.0
t0133,L_DK2_SE4,1700.0,1700.0,100.0
t0133,L_PL_SE4,600.0,600.0,100.0
t0133,L_LT_SE4,700.0,700.0,100.0
t0133,L_DE_SE4,615.0,615.0,100.0
t0134,L_SE1_SE2,957.69,3300.0,29.02
t0134,L_SE2_SE3,6551.63,7300.0,89.75
t0134,L_SE3_SE4,879.92,5300.0,16.6
t0134,L_NO4_SE1,-600.0,600.0,100.0
t0134,L_NO3_SE2,-1000.0,1000.0,100.0
t0134,L_NO1_SE3,2145.0,2145.0,100.0
t0134,L_FI_SE1,-348.37,1500.0,23.22
t0134,L_FI_SE3,1848.37,1200.0,100.0
t0134,L_DK1_SE3,740.0,740.0,100.0
t0134,L_DK2_SE4,1700.0,1700.0,100.0
t0134,L_PL_SE4,600.0,600.0,100.0
t0134,L_LT_SE4,700.0,700.0,100.0
t0134,L_DE_SE4,615.0,615.0,100.0
t0135,L_SE1_SE2,965.34,3300.0,29.25
t0135,L_SE2_SE3,6548.44,7300.0,89.7
t0135,L_SE3_SE4,721.65,5300.0,13.62
t0135,L_NO4_SE1,-600.0,600.0,100.0
t0135,L_NO3_SE2,-1000.0,1000.0,100.0
t0135,L_NO1_SE3,2145.0,2145.0,100.0
t0135,L_FI_SE1,-348.37,1500.0,23.22
t0135,L_FI_SE3,1848.37,1200.0,100.0
t0135,L_DK1_SE3,740.0,740.0,100.0
t0135,L_DK2_SE4,1700.0,1700.0,100.0
t0135,L_PL_SE4,600.0,600.0,100.0
t0135,L_LT_SE4,700.0,700.0,100.0
t0135,L_DE_SE4,615.0,615.0,100.0
t0136,L_SE1_SE2,1087.19,3300.0,32.95
t0136,L_SE2_SE3,6497.54,7300.0,89.01
t0136,L_SE3_SE4,577.0,5300.0,10.89
t0136,L_NO4_SE1,-600.0,600.0,100.0
t0136,L_NO3_SE2,-1000.0,1000.0,100.0
t0136,L_NO1_SE3,2145.0,2145.0,100.0
t0136,L_FI_SE1,-348.37,1500.0,23.22
t0136,L_FI_SE3,1848.37,1200.0,100.0
t0136,L_DK1_SE3,740.0,740.0,100.0
t0136,L_DK2_SE4,1700.0,1700.0,100.0
t0136,L_PL_SE4,600.0,600.0,100.0
t0136,L_LT_SE4,700.0,700.0,100.0
t0136,L_DE_SE4,615.0,615.0,100.0
t0137,L_SE1_SE2,1163.11,3300.0,35.25
t0137,L_SE2_SE3,6465.83,7300.0,88.57
t0137,L_SE3_SE4,553.82,5300.0,10.45
t0137,L_NO4_SE1,-600.0,600.0,100.0
t0137,L_NO3_SE2,-1000.0,1000.0,100.0
t0137,L_NO1_SE3,2124.5,2145.0,99.04
t0137,L_FI_SE1,-348.37,1500.0,23.22
t0137,L_FI_SE3,1848.37,1200.0,100.0
t0137,L_DK1_SE3,740.0,740.0,100.0
t0137,L_DK2_SE4,1700.0,1700.0,100.0
t0137,L_PL_SE4,600.0,600.0,100.0
t0137,L_LT_SE4,700.0,700.0,100.0
t0137,L_DE_SE4,615.0,615.0,100.0
t0138,L_SE1_SE2,1274.11,3300.0,38.61
t0138,L_SE2_SE3,6419.46,7300.0,87.94
t0138,L_SE3_SE4,629.19,5300.0,11.87
t0138,L_NO4_SE1,-600.0,600.0,100.0
t0138,L_NO3_SE2,-1000.0,1000.0,100.0
t0138,L_NO1_SE3,2145.0,2145.0,100.0
t0138,L_FI_SE1,-348.37,1500.0,23.22
t0138,L_FI_SE3,1848.37,1200.0,100.0
t0138,L_DK1_SE3,740.0,740.0,100.0
t0138,L_DK2_SE4,1700.0,1700.0,100.0
t0138,L_PL_SE4,600.0,600.0,100.0
t0138,L_LT_SE4,700.0,700.0,100.0
t0138,L_DE_SE4,615.0,615.0,100.0
t0139,L_SE1_SE2,1367.76,3300.0,41.45
t0139,L_SE2_SE3,6380.34,7300.0,87.4
t0139,L_SE3_SE4,989.69,5300.0,18.67
t0139,L_NO4_SE1,-600.0,600.0,100.0
t0139,L_NO3_SE2,-1000.0,1000.0,100.0
t0139,L_NO1_SE3,2145.0,2145.0,100.0
t0139,L_FI_SE1,-348.37,1500.0,23.22
t0139,L_FI_SE3,1848.37,1200.0,100.0
t0139,L_DK1_SE3,740.0,740.0,100.0
t0139,L_DK2_SE4,1700.0,1700.0,100.0
t0139,L_PL_SE4,600.0,600.0,100.0
t0139,L_LT_SE4,700.0,700.0,100.0
t0139,L_DE_SE4,615.0,615.0,100.0
t0140,L_SE1_SE2,1264.2,3300.0,38.31
t0140,L_SE2_SE3,6423.6,7300.0,87.99
t0140,L_SE3_SE4,934.23,5300.0,17.63
t0140,L_NO4_SE1,-600.0,600.0,100.0
t0140,L_NO3_SE2,-1000.0,1000.0,100.0
t0140,L_NO1_SE3,2145.0,2145.0,100.0
t0140,L_FI_SE1,-348.37,1500.0,23.22
t0140,L_FI_SE3,1848.37,1200.0,100.0
t0140,L_DK1_SE3,740.0,740.0,100.0
t0140,L_DK2_SE4,1700.0,1700.0,100.0
t0140,L_PL_SE4,600.0,600.0,100.0
t0140,L_LT_SE4,700.0,700.0,100.0
t0140,L_DE_SE4,615.0,615.0,100.0
t0141,L_SE1_SE2,1282.33,3300.0,38.86
t0141,L_SE2_SE3,6416.03,7300.0,87.89
t0141,L_SE3_SE4,923.73,5300.0,17.43
t0141,L_NO4_SE1,-600.0,600.0,100.0
t0141,L_NO3_SE2,-1000.0,1000.0,100.0
t0141,L_NO1_SE3,2145.0,2145.0,100.0
t0141,L_FI_SE1,-348.37,1500.0,23.22
t0141,L_FI_SE3,1848.37,1200.0,100.0
t0141,L_DK1_SE3,740.0,740.0,100.0
t0141,L_DK2_SE4,1700.0,1700.0,100.0
t0141,L_PL_SE4,600.0,600.0,100.0
t0141,L_LT_SE4,700.0,700.0,100.0
t0141,L_DE_SE4,615.0,615.0,100.0
t0142,L_SE1_SE2,1272.51,3300.0,38.56
t0142,L_SE2_SE3,6420.13,7300.0,87.95
t0142,L_SE3_SE4,948.43,5300.0,17.89
t0142,L_NO4_SE1,-600.0,600.0,100.0
t0142,L_NO3_SE2,-1000.0,1000.0,100.0
t0142,L_NO1_SE3,2145.0,2145.0,100.0
t0142,L_FI_SE1,-348.37,1500.0,23.22
t0142,L_FI_SE3,1848.37,1200.0,100.0
t0142,L_DK1_SE3,740.0,740.0,100.0
t0142,L_DK2_SE4,1700.0,1700.0,100.0
t0142,L_PL_SE4,600.0,600.0,100.0
t0142,L_LT_SE4,700.0,700.0,100.0
t0142,L_DE_SE4,615.0,615.0,100.0
t0143,L_SE1_SE2,1328.29,3300.0,40.25
t0143,L_SE2_SE3,6396.83,7300.0,87.63
t0143,L_SE3_SE4,953.56,5300.0,17.99
t0143,L_NO4_SE1,-600.0,600.0,100.0
t0143,L_NO3_SE2,-1000.0,1000.0,100.0
t0143,L_NO1_SE3,2145.0,2145.0,100.0
t0143,L_FI_SE1,-348.37,1500.0,23.22
t0143,L_FI_SE3,1848.37,1200.0,100.0
t0143,L_DK1_SE3,740.0,740.0,100.0
t0143,L_DK2_SE4,1700.0,1700.0,100.0
t0143,L_PL_SE4,600.0,600.0,100.0
t0143,L_LT_SE4,700.0,700.0,100.0
t0143,L_DE_SE4,615.0,615.0,100.0
t0144,L_SE1_SE2,1165.36,3300.0,35.31
t0144,L_SE2_SE3,6464.89,7300.0,88.56
t0144,L_SE3_SE4,900.55,5300.0,16.99
t0144,L_NO4_SE1,-600.0,600.0,100.0
t0144,L_NO3_SE2,-1000.0,1000.0,100.0
t0144,L_NO1_SE3,2145.0,2145.0,100.0
t0144,L_FI_SE1,-348.37,1500.0,23.22
t0144,L_FI_SE3,1848.37,1200.0,100.0
t0144,L_DK1_SE3,740.0,740.0,100.0
t0144,L_DK2_SE4,1700.0,1700.0,100.0
t0144,L_PL_SE4,600.0,600.0,100.0
t0144,L_LT_SE4,700.0,700.0,100.0
t0144,L_DE_SE4,615.0,615.0,100.0
t0145,L_SE1_SE2,1184.71,3300.0,35.9
t0145,L_SE2_SE3,6456.8,7300.0,88.45
t0145,L_SE3_SE4,1087.43,5300.0,20.52
t0145,L_NO4_SE1,-600.0,600.0,100.0
t0145,L_NO3_SE2,-1000.0,1000.0,100.0
t0145,L_NO1_SE3,2145.0,2145.0,100.0
t0145,L_FI_SE1,-348.37,1500.0,23.22
t0145,L_FI_SE3,1848.37,1200.0,100.0
t0145,L_DK1_SE3,740.0,740.0,100.0
t0145,L_DK2_SE4,1700.0,1700.0,100.0
t0145,L_PL_SE4,600.0,600.0,100.0
t0145,L_LT_SE4,700.0,700.0,100.0
t0145,L_DE_SE4,615.0,615.0,100.0
t0146,L_SE1_SE2,1129.06,3300.0,34.21
t0146,L_SE2_SE3,6480.05,7300.0,88.77
t0146,L_SE3_SE4,1038.5,5300.0,19.59
t0146,L_NO4_SE1,-600.0,600.0,100.0
t0146,L_NO3_SE2,-1000.0,1000.0,100.0
t0146,L_NO1_SE3,2145.0,2145.0,100.0
t0146,L_FI_SE1,-348.37,1500.0,23.22
t0146,L_FI_SE3,1848.37,1200.0,100.0
t0146,L_DK1_SE3,740.0,740.0,100.0
t0146,L_DK2_SE4,1700.0,1700.0,100.0
t0146,L_PL_SE4,600.0,600.0,100.0
t0146,L_LT_SE4,700.0,700.0,100.0
t0146,L_DE_SE4,615.0,615.0,100.0
t0147,L_SE1_SE2,1098.73,3300.0,33.29
t0147,L_SE2_SE3,6492.72,7300.0,88.94
t0147,L_SE3_SE4,1061.15,5300.0,20.02
t0147,L_NO4_SE1,-600.0,600.0,100.0
t0147,L_NO3_SE2,-1000.0,1000.0,100.0
t0147,L_NO1_SE3,2145.0,2145.0,100.0
t0147,L_FI_SE1,-348.37,1500.0,23.22
t0147,L_FI_SE3,1848.37,1200.0,100.0
t0147,L_DK1_SE3,740.0,740.0,100.0
t0147,L_DK2_SE4,1700.0,1700.0,100.0
t0147,L_PL_SE4,600.0,600.0,100.0
t0147,L_LT_SE4,700.0,700.0,100.0
t0147,L_DE_SE4,615.0,615.0,100.0
t0148,L_SE1_SE2,1075.59,3300.0,32.59
t0148,L_SE2_SE3,6502.39,7300.0,89.07
t0148,L_SE3_SE4,1041.34,5300.0,19.65
t0148,L_NO4_SE1,-600.0,600.0,100.0
t0148,L_NO3_SE2,-1000.0,1000.0,100.0
t0148,L_NO1_SE3,2145.0,2145.0,100.0
t0148,L_FI_SE1,-348.37,1500.0,23.22
t0148,L_FI_SE3,1848.37,1200.0,100.0
t0148,L_DK1_SE3,740.0,740.0,100.0
t0148,L_DK2_SE4,1700.0,1700.0,100.0
t0148,L_PL_SE4,600.0,600.0,100.0
t0148,L_LT_SE4,700.0,700.0,100.0
t0148,L_DE_SE4,615.0,615.0,100.0
t0149,L_SE1_SE2,951.02,3300.0,28.82
t0149,L_SE2_SE3,6454.39,7300.0,88.42
t0149,L_SE3_SE4,810.08,5300.0,15.28
t0149,L_NO4_SE1,-600.0,600.0,100.0
t0149,L_NO3_SE2,-1000.0,1000.0,100.0
t0149,L_NO1_SE3,2145.0,2145.0,100.0
t0149,L_FI_SE1,-332.56,1500.0,22.17
t0149,L_FI_SE3,1832.56,1200.0,100.0
t0149,L_DK1_SE3,740.0,740.0,100.0
t0149,L_DK2_SE4,1700.0,1700.0,100.0
t0149,L_PL_SE4,600.0,600.0,100.0
t0149,L_LT_SE4,700.0,700.0,100.0
t0149,L_DE_SE4,615.0,615.0,100.0
t0150,L_SE1_SE2,836.57,3300.0,25.35
t0150,L_SE2_SE3,6551.63,7300.0,89.75
t0150,L_SE3_SE4,874.96,5300.0,16.51
t0150,L_NO4_SE1,-600.0,600.0,100.0
t0150,L_NO3_SE2,-1000.0,1000.0,100.0
t0150,L_NO1_SE3,2145.0,2145.0,100.0
t0150,L_FI_SE1,-340.37,1500.0,22.69
t0150,L_FI_SE3,1840.37,1200.0,100.0
t0150,L_DK1_SE3,740.0,740.0,100.0
t0150,L_DK2_SE4,1700.0,1700.0,100.0
t0150,L_PL_SE4,600.0,600.0,100.0
t0150,L_LT_SE4,700.0,700.0,100.0
t0150,L_DE_SE4,615.0,615.0,100.0
t0151,L_SE1_SE2,786.59,3300.0,23.84
t0151,L_SE2_SE3,6551.63,7300.0,89.75
t0151,L_SE3_SE4,1012.27,5300.0,19.1
t0151,L_NO4_SE1,-600.0,600.0,100.0
t0151,L_NO3_SE2,-1000.0,1000.0,100.0
t0151,L_NO1_SE3,2145.0,2145.0,100.0
t0151,L_FI_SE1,-337.07,1500.0,22.47
t0151,L_FI_SE3,1837.07,1200.0,100.0
t0151,L_DK1_SE3,740.0,740.0,100.0
t0151,L_DK2_SE4,1700.0,1700.0,100.0
t0151,L_PL_SE4,600.0,600.0,100.0
t0151,L_LT_SE4,700.0,700.0,100.0
t0151,L_DE_SE4,615.0,615.0,100.0
t0152,L_SE1_SE2,756.01,3300.0,22.91
t0152,L_SE2_SE3,6551.63,7300.0,89.75
t0152,L_SE3_SE4,1046.7,5300.0,19.75
t0152,L_NO4_SE1,-600.0,600.0,100.0
t0152,L_NO3_SE2,-1000.0,1000.0,100.0
t0152,L_NO1_SE3,2145.0,2145.0,100.0
t0152,L_FI_SE1,-335.06,1500.0,22.34
t0152,L_FI_SE3,1835.06,1200.0,100.0
t0152,L_DK1_SE3,740.0,740.0,100.0
t0152,L_DK2_SE4,1700.0,1700.0,100.0
t0152,L_PL_SE4,600.0,600.0,100.0
t0152,L_LT_SE4,700.0,700.0,100.0
t0152,L_DE_SE4,615.0,615.0,100.0
t0153,L_SE1_SE2,825.29,3300.0,25.01
t0153,L_SE2_SE3,6551.63,7300.0,89.75
t0153,L_SE3_SE4,1148.73,5300.0,21.67
t0153,L_NO4_SE1,-600.0,600.0,100.0
t0153,L_NO3_SE2,-1000.0,1000.0,100.0
t0153,L_NO1_SE3,2145.0,2145.0,100.0
t0153,L_FI_SE1,-339.63,1500.0,22.64
t0153,L_FI_SE3,1839.63,1200.0,100.0
t0153,L_DK1_SE3,740.0,740.0,100.0
t0153,L_DK2_SE4,1700.0,1700.0,100.0
t0153,L_PL_SE4,600.0,600.0,100.0
t0153,L_LT_SE4,700.0,700.0,100.0
t0153,L_DE_SE4,615.0,615.0,100.0
t0154,L_SE1_SE2,638.81,3300.0,19.36
t0154,L_SE2_SE3,6551.63,7300.0,89.75
t0154,L_SE3_SE4,711.9,5300.0,13.43
t0154,L_NO4_SE1,-600.0,600.0,100.0
t0154,L_NO3_SE2,-1000.0,1000.0,100.0
t0154,L_NO1_SE3,2145.0,2145.0,100.0
t0154,L_FI_SE1,-327.32,1500.0,21.82
t0154,L_FI_SE3,1827.32,1200.0,100.0
t0154,L_DK1_SE3,740.0,740.0,100.0
t0154,L_DK2_SE4,1700.0,1700.0,100.0
t0154,L_PL_SE4,600.0,600.0,100.0
t0154,L_LT_SE4,700.0,700.0,100.0
t0154,L_DE_SE4,615.0,615.0,100.0
t0155,L_SE1_SE2,206.06,3300.0,6.24
t0155,L_SE2_SE3,6551.63,7300.0,89.75
t0155,L_SE3_SE4,695.92,5300.0,13.13
t0155,L_NO4_SE1,-600.0,600.0,100.0
t0155,L_NO3_SE2,-1000.0,1000.0,100.0
t0155,L_NO1_SE3,1944.67,2145.0,90.66
t0155,L_FI_SE1,-298.76,1500.0,19.92
t0155,L_FI_SE3,1798.76,1200.0,100.0
t0155,L_DK1_SE3,740.0,740.0,100.0
t0155,L_DK2_SE4,1700.0,1700.0,100.0
t0155,L_PL_SE4,600.0,600.0,100.0
t0155,L_LT_SE4,700.0,700.0,100.0
t0155,L_DE_SE4,615.0,615.0,100.0
t0156,L_SE1_SE2,84.28,3300.0,2.55
t0156,L_SE2_SE3,6551.63,7300.0,89.75
t0156,L_SE3_SE4,695.34,5300.0,13.12
t0156,L_NO4_SE1,-600.0,600.0,100.0
t0156,L_NO3_SE2,-1000.0,1000.0,100.0
t0156,L_NO1_SE3,1775.69,2145.0,82.78
t0156,L_FI_SE1,-290.72,1500.0,19.38
t0156,L_FI_SE3,1790.72,1200.0,100.0
t0156,L_DK1_SE3,740.0,740.0,100.0
t0156,L_DK2_SE4,1700.0,1700.0,100.0
t0156,L_PL_SE4,600.0,600.0,100.0
t0156,L_LT_SE4,700.0,700.0,100.0
t0156,L_DE_SE4,615.0,615.0,100.0
t0157,L_SE1_SE2,69.65,3300.0,2.11
t0157,L_SE2_SE3,6551.63,7300.0,89.75
t0157,L_SE3_SE4,673.14,5300.0,12.7
t0157,L_NO4_SE1,-600.0,600.0,100.0
t0157,L_NO3_SE2,-1000.0,1000.0,100.0
t0157,L_NO1_SE3,1760.69,2145.0,82.08
t0157,L_FI_SE1,-289.76,1500.0,19.32
t0157,L_FI_SE3,1789.76,1200.0,100.0
t0157,L_DK1_SE3,740.0,740.0,100.0
t0157,L_DK2_SE4,1700.0,1700.0,100.0
t0157,L_PL_SE4,600.0,600.0,100.0
t0157,L_LT_SE4,700.0,700.0,100.0
t0157,L_DE_SE4,615.0,615.0,100.0
t0158,L_SE1_SE2,-29.28,3300.0,0.89
t0158,L_SE2_SE3,6579.88,7300.0,90.14
t0158,L_SE3_SE4,641.59,5300.0,12.11
t0158,L_NO4_SE1,-600.0,600.0,100.0
t0158,L_NO3_SE2,-967.57,1000.0,96.76
t0158,L_NO1_SE3,1783.13,2145.0,83.13
t0158,L_FI_SE1,-287.69,1500.0,19.18
t0158,L_FI_SE3,1787.69,1200.0,100.0
t0158,L_DK1_SE3,740.0,740.0,100.0
t0158,L_DK2_SE4,1700.0,1700.0,100.0
t0158,L_PL_SE4,600.0,600.0,100.0
t0158,L_LT_SE4,700.0,700.0,100.0
t0158,L_DE_SE4,615.0,615.0,100.0
t0159,L_SE1_SE2,-48.27,3300.0,1.46
t0159,L_SE2_SE3,6551.63,7300.0,89.75
t0159,L_SE3_SE4,666.86,5300.0,12.58
t0159,L_NO4_SE1,-600.0,600.0,100.0
t0159,L_NO3_SE2,-1000.0,1000.0,100.0
t0159,L_NO1_SE3,1752.96,2145.0,81.72
t0159,L_FI_SE1,-281.97,1500.0,18.8
t0159,L_FI_SE3,1781.97,1200.0,100.0
t0159,L_DK1_SE3,740.0,740.0,100.0
t0159,L_DK2_SE4,1700.0,1700.0,100.0
t0159,L_PL_SE4,600.0,600.0,100.0
t0159,L_LT_SE4,700.0,700.0,100.0
t0159,L_DE_SE4,615.0,615.0,100.0
t0160,L_SE1_SE2,47.96,3300.0,1.45
t0160,L_SE2_SE3,6551.63,7300.0,89.75
t0160,L_SE3_SE4,752.77,5300.0,14.2
t0160,L_NO4_SE1,-600.0,600.0,100.0
t0160,L_NO3_SE2,-1000.0,1000.0,100.0
t0160,L_NO1_SE3,1517.12,2145.0,70.73
t0160,L_FI_SE1,-288.32,1500.0,19.22
t0160,L_FI_SE3,1788.32,1200.0,100.0
t0160,L_DK1_SE3,740.0,740.0,100.0
t0160,L_DK2_SE4,1700.0,1700.0,100.0
t0160,L_PL_SE4,600.0,600.0,100.0
t0160,L_LT_SE4,700.0,700.0,100.0
t0160,L_DE_SE4,615.0,615.0,100.0
t0161,L_SE1_SE2,-336.78,3300.0,10.21
t0161,L_SE2_SE3,6738.51,7300.0,92.31
t0161,L_SE3_SE4,670.16,5300.0,12.64
t0161,L_NO4_SE1,-600.0,600.0,100.0
t0161,L_NO3_SE2,-785.43,1000.0,78.54
t0161,L_NO1_SE3,1578.74,2145.0,73.6
t0161,L_FI_SE1,-292.46,1500.0,19.5
t0161,L_FI_SE3,1792.46,1200.0,100.0
t0161,L_DK1_SE3,740.0,740.0,100.0
t0161,L_DK2_SE4,1700.0,1700.0,100.0
t0161,L_PL_SE4,600.0,600.0,100.0
t0161,L_LT_SE4,700.0,700.0,100.0
t0161,L_DE_SE4,615.0,615.0,100.0
t0162,L_SE1_SE2,-402.86,3300.0,12.21
t0162,L_SE2_SE3,6953.15,7300.0,95.25
t0162,L_SE3_SE4,626.05,5300.0,11.81
t0162,L_NO4_SE1,-600.0,600.0,100.0
t0162,L_NO3_SE2,-538.98,1000.0,53.9
t0162,L_NO1_SE3,1850.46,2145.0,86.27
t0162,L_FI_SE1,-322.01,1500.0,21.47
t0162,L_FI_SE3,1822.01,1200.0,100.0
t0162,L_DK1_SE3,740.0,740.0,100.0
t0162,L_DK2_SE4,1700.0,1700.0,100.0
t0162,L_PL_SE4,600.0,600.0,100.0
t0162,L_LT_SE4,700.0,700.0,100.0
t0162,L_DE_SE4,615.0,615.0,100.0
t0163,L_SE1_SE2,86.23,3300.0,2.61
t0163,L_SE2_SE3,6768.92,7300.0,92.72
t0163,L_SE3_SE4,796.57,5300.0,15.03
t0163,L_NO4_SE1,-600.0,600.0,100.0
t0163,L_NO3_SE2,-750.51,1000.0,75.05
t0163,L_NO1_SE3,2145.0,2145.0,100.0
t0163,L_FI_SE1,-325.18,1500.0,21.68
t0163,L_FI_SE3,1825.18,1200.0,100.0
t0163,L_DK1_SE3,740.0,740.0,100.0
t0163,L_DK2_SE4,1700.0,1700.0,100.0
t0163,L_PL_SE4,600.0,600.0,100.0
t0163,L_LT_SE4,700.0,700.0,100.0
t0163,L_DE_SE4,615.0,615.0,100.0
t0164,L_SE1_SE2,-124.8,3300.0,3.78
t0164,L_SE2_SE3,6631.45,7300.0,90.84
t0164,L_SE3_SE4,884.31,5300.0,16.69
t0164,L_NO4_SE1,-600.0,600.0,100.0
t0164,L_NO3_SE2,-908.35,1000.0,90.84
t0164,L_NO1_SE3,2145.0,2145.0,100.0
t0164,L_FI_SE1,-289.53,1500.0,19.3
t0164,L_FI_SE3,1789.53,1200.0,100.0
t0164,L_DK1_SE3,740.0,740.0,100.0
t0164,L_DK2_SE4,1700.0,1700.0,100.0
t0164,L_PL_SE4,600.0,600.0,100.0
t0164,L_LT_SE4,700.0,700.0,100.0
t0164,L_DE_SE4,615.0,615.0,100.0
t0165,L_SE1_SE2,-212.6,3300.0,6.44
t0165,L_SE2_SE3,6551.63,7300.0,89.75
t0165,L_SE3_SE4,713.83,5300.0,13.47
t0165,L_NO4_SE1,-600.0,600.0,100.0
t0165,L_NO3_SE2,-1000.0,1000.0,100.0
t0165,L_NO1_SE3,2145.0,2145.0,100.0
t0165,L_FI_SE1,-271.13,1500.0,18.08
t0165,L_FI_SE3,1771.13,1200.0,100.0
t0165,L_DK1_SE3,740.0,740.0,100.0
t0165,L_DK2_SE4,1700.0,1700.0,100.0
t0165,L_PL_SE4,600.0,600.0,100.0
t0165,L_LT_SE4,700.0,700.0,100.0
t0165,L_DE_SE4,615.0,615.0,100.0
t0166,L_SE1_SE2,-206.71,3300.0,6.26
t0166,L_SE2_SE3,6560.37,7300.0,89.87
t0166,L_SE3_SE4,564.77,5300.0,10.66
t0166,L_NO4_SE1,-600.0,600.0,100.0
t0166,L_NO3_SE2,-989.97,1000.0,99.0
t0166,L_NO1_SE3,2145.0,2145.0,100.0
t0166,L_FI_SE1,-272.9,1500.0,18.19
t0166,L_FI_SE3,1772.9,1200.0,100.0
t0166,L_DK1_SE3,740.0,740.0,100.0
t0166,L_DK2_SE4,1700.0,1700.0,100.0
t0166,L_PL_SE4,600.0,600.0,100.0
t0166,L_LT_SE4,700.0,700.0,100.0
t0166,L_DE_SE4,615.0,615.0,100.0
t0167,L_SE1_SE2,-8.13,3300.0,0.25
t0167,L_SE2_SE3,6773.34,7300.0,92.79
t0167,L_SE3_SE4,823.08,5300.0,15.53
t0167,L_NO4_SE1,-600.0,600.0,100.0
t0167,L_NO3_SE2,-745.43,1000.0,74.54
t0167,L_NO1_SE3,2145.0,2145.0,100.0
t0167,L_FI_SE1,-319.65,1500.0,21.31
t0167,L_FI_SE3,1819.65,1200.0,100.0
t0167,L_DK1_SE3,740.0,740.0,100.0
t0167,L_DK2_SE4,1700.0,1700.0,100.0
t0167,L_PL_SE4,600.0,600.0,100.0
t0167,L_LT_SE4,700.0,700.0,100.0
t0167,L_DE_SE4,615.0,615.0,100.0
t0168,L_SE1_SE2,-22.45,3300.0,0.68
t0168,L_SE2_SE3,6953.81,7300.0,95.26
t0168,L_SE3_SE4,713.6,5300.0,13.46
t0168,L_NO4_SE1,-600.0,600.0,100.0
t0168,L_NO3_SE2,-538.22,1000.0,53.82
t0168,L_NO1_SE3,2145.0,2145.0,100.0
t0168,L_FI_SE1,-347.22,1500.0,23.15
t0168,L_FI_SE3,1847.22,1200.0,100.0
t0168,L_DK1_SE3,740.0,740.0,100.0
t0168,L_DK2_SE4,1700.0,1700.0,100.0
t0168,L_PL_SE4,600.0,600.0,100.0
t0168,L_LT_SE4,700.0,700.0,100.0
t0168,L_DE_SE4,615.0,615.0,100.0
