timestep,neighbor,flow_mw,direction,cost_eur
2024-07-15 00:00:00,NO1,-1124.61,export,-28182.73
2024-07-15 00:00:00,NO3,1000.0,import,22170.0
2024-07-15 00:00:00,NO4,600.0,import,3924.0
2024-07-15 00:00:00,FI,1500.0,import,25335.0
2024-07-15 00:00:00,DK1,-740.0,export,-49639.2
2024-07-15 00:00:00,DK2,-1700.0,export,-114801.0
2024-07-15 00:00:00,PL,-600.0,export,-74472.0
2024-07-15 00:00:00,LT,-700.0,export,-70427.0
2024-07-15 00:00:00,DE,-615.0,export,-43517.4
2024-07-15 01:00:00,NO1,-954.42,export,-23917.77
2024-07-15 01:00:00,NO3,1000.0,import,22170.0
2024-07-15 01:00:00,NO4,600.0,import,3924.0
2024-07-15 01:00:00,FI,1500.0,import,25335.0
2024-07-15 01:00:00,DK1,-740.0,export,-49639.2
2024-07-15 01:00:00,DK2,-1700.0,export,-114801.0
2024-07-15 01:00:00,PL,-600.0,export,-74472.0
2024-07-15 01:00:00,LT,-700.0,export,-70427.0
2024-07-15 01:00:00,DE,-615.0,export,-43517.4
2024-07-15 02:00:00,NO1,-1085.04,export,-27191.1
2024-07-15 02:00:00,NO3,1000.0,import,22170.0
2024-07-15 02:00:00,NO4,600.0,import,3924.0
2024-07-15 02:00:00,FI,1500.0,import,25335.0
2024-07-15 02:00:00,DK1,-740.0,export,-49639.2
2024-07-15 02:00:00,DK2,-1700.0,export,-114801.0
2024-07-15 02:00:00,PL,-600.0,export,-74472.0
2024-07-15 02:00:00,LT,-700.0,export,-70427.0
2024-07-15 02:00:00,DE,-615.0,export,-43517.4
2024-07-15 03:00:00,NO1,-1168.1,export,-29272.59
2024-07-15 03:00:00,NO3,1000.0,import,22170.0
2024-07-15 03:00:00,NO4,600.0,import,3924.0
2024-07-15 03:00:00,FI,1500.0,import,25335.0
2024-07-15 03:00:00,DK1,-740.0,export,-49639.2
2024-07-15 03:00:00,DK2,-1700.0,export,-114801.0
2024-07-15 03:00:00,PL,-600.0,export,-74472.0
2024-07-15 03:00:00,LT,-700.0,export,-70427.0
2024-07-15 03:00:00,DE,-615.0,export,-43517.4
2024-07-15 04:00:00,NO1,-1723.27,export,-43185.15
2024-07-15 04:00:00,NO3,1000.0,import,22170.0
2024-07-15 04:00:00,NO4,600.0,import,3924.0
2024-07-15 04:00:00,FI,1500.0,import,25335.0
2024-07-15 04:00:00,DK1,-740.0,export,-49639.2
2024-07-15 04:00:00,DK2,-1700.0,export,-114801.0
2024-07-15 04:00:00,PL,-600.0,export,-74472.0
2024-07-15 04:00:00,LT,-700.0,export,-70427.0
2024-07-15 04:00:00,DE,-615.0,export,-43517.4
2024-07-15 05:00:00,NO1,-1480.0,export,-37088.8
2024-07-15 05:00:00,NO3,1000.0,import,22170.0
2024-07-15 05:00:00,NO4,600.0,import,3924.0
2024-07-15 05:00:00,FI,1110.4,import,18754.66
2024-07-15 05:00:00,DK1,-740.0,export,-49639.2
2024-07-15 05:00:00,DK2,-1700.0,export,-114801.0
2024-07-15 05:00:00,PL,-600.0,export,-74472.0
2024-07-15 05:00:00,LT,-700.0,export,-70427.0
2024-07-15 05:00:00,DE,-615.0,export,-43517.4
2024-07-15 06:00:00,NO1,-1041.03,export,-26088.21
2024-07-15 06:00:00,NO3,1000.0,import,22170.0
2024-07-15 06:00:00,NO4,600.0,import,3924.0
2024-07-15 06:00:00,FI,934.12,import,15777.29
2024-07-15 06:00:00,DK1,-740.0,export,-49639.2
2024-07-15 06:00:00,DK2,-1700.0,export,-114801.0
2024-07-15 06:00:00,PL,-600.0,export,-74472.0
2024-07-15 06:00:00,LT,-700.0,export,-70427.0
2024-07-15 06:00:00,DE,-615.0,export,-43517.4
2024-07-15 07:00:00,NO1,-881.7,export,-22095.4
2024-07-15 07:00:00,NO3,1000.0,import,22170.0
2024-07-15 07:00:00,NO4,600.0,import,3924.0
2024-07-15 07:00:00,FI,1070.11,import,18074.16
2024-07-15 07:00:00,DK1,-740.0,export,-49639.2
2024-07-15 07:00:00,DK2,-1700.0,export,-114801.0
2024-07-15 07:00:00,PL,-600.0,export,-74472.0
2024-07-15 07:00:00,LT,-700.0,export,-70427.0
2024-07-15 07:00:00,DE,-615.0,export,-43517.4
2024-07-15 08:00:00,NO1,-945.9,export,-23704.25
2024-07-15 08:00:00,NO3,1000.0,import,22170.0
2024-07-15 08:00:00,NO4,600.0,import,3924.0
2024-07-15 08:00:00,FI,1285.7,import,21715.47
2024-07-15 08:00:00,DK1,-740.0,export,-49639.2
2024-07-15 08:00:00,DK2,-1700.0,export,-114801.0
2024-07-15 08:00:00,PL,-600.0,export,-74472.0
2024-07-15 08:00:00,LT,-700.0,export,-70427.0
2024-07-15 08:00:00,DE,-615.0,export,-43517.4
2024-07-15 09:00:00,NO1,-162.32,export,-4067.74
2024-07-15 09:00:00,NO3,1000.0,import,22170.0
2024-07-15 09:00:00,NO4,600.0,import,3924.0
2024-07-15 09:00:00,FI,1500.0,import,25335.0
2024-07-15 09:00:00,DK1,-740.0,export,-49639.2
2024-07-15 09:00:00,DK2,-1700.0,export,-114801.0
2024-07-15 09:00:00,PL,-600.0,export,-74472.0
2024-07-15 09:00:00,LT,-700.0,export,-70427.0
2024-07-15 09:00:00,DE,-615.0,export,-43517.4
2024-07-15 10:00:00,NO1,377.24,import,9453.63
2024-07-15 10:00:00,NO3,1000.0,import,22170.0
2024-07-15 10:00:00,NO4,600.0,import,3924.0
2024-07-15 10:00:00,FI,1500.0,import,25335.0
2024-07-15 10:00:00,DK1,-740.0,export,-49639.2
2024-07-15 10:00:00,DK2,-1700.0,export,-114801.0
2024-07-15 10:00:00,PL,-600.0,export,-74472.0
2024-07-15 10:00:00,LT,-700.0,export,-70427.0
2024-07-15 10:00:00,DE,-615.0,export,-43517.4
2024-07-15 11:00:00,NO1,597.55,import,14974.6
2024-07-15 11:00:00,NO3,1000.0,import,22170.0
2024-07-15 11:00:00,NO4,600.0,import,3924.0
2024-07-15 11:00:00,FI,1500.0,import,25335.0
2024-07-15 11:00:00,DK1,-740.0,export,-49639.2
2024-07-15 11:00:00,DK2,-1700.0,export,-114801.0
2024-07-15 11:00:00,PL,-600.0,export,-74472.0
2024-07-15 11:00:00,LT,-700.0,export,-70427.0
2024-07-15 11:00:00,DE,-615.0,export,-43517.4
2024-07-15 12:00:00,NO1,324.85,import,8140.74
2024-07-15 12:00:00,NO3,1000.0,import,22170.0
2024-07-15 12:00:00,NO4,600.0,import,3924.0
2024-07-15 12:00:00,FI,1500.0,import,25335.0
2024-07-15 12:00:00,DK1,-740.0,export,-49639.2
2024-07-15 12:00:00,DK2,-1700.0,export,-114801.0
2024-07-15 12:00:00,PL,-600.0,export,-74472.0
2024-07-15 12:00:00,LT,-700.0,export,-70427.0
2024-07-15 12:00:00,DE,-615.0,export,-43517.4
2024-07-15 13:00:00,NO1,-8.18,export,-204.99
2024-07-15 13:00:00,NO3,1000.0,import,22170.0
2024-07-15 13:00:00,NO4,600.0,import,3924.0
2024-07-15 13:00:00,FI,1500.0,import,25335.0
2024-07-15 13:00:00,DK1,-740.0,export,-49639.2
2024-07-15 13:00:00,DK2,-1700.0,export,-114801.0
2024-07-15 13:00:00,PL,-600.0,export,-74472.0
2024-07-15 13:00:00,LT,-700.0,export,-70427.0
2024-07-15 13:00:00,DE,-615.0,export,-43517.4
2024-07-15 14:00:00,NO1,-1240.69,export,-31091.69
2024-07-15 14:00:00,NO3,1000.0,import,22170.0
2024-07-15 14:00:00,NO4,600.0,import,3924.0
2024-07-15 14:00:00,FI,1357.74,import,22932.23
2024-07-15 14:00:00,DK1,-740.0,export,-49639.2
2024-07-15 14:00:00,DK2,-1700.0,export,-114801.0
2024-07-15 14:00:00,PL,-600.0,export,-74472.0
2024-07-15 14:00:00,LT,-700.0,export,-70427.0
2024-07-15 14:00:00,DE,-615.0,export,-43517.4
2024-07-15 15:00:00,NO1,-1045.79,export,-26207.5
2024-07-15 15:00:00,NO3,971.22,import,21531.95
2024-07-15 15:00:00,NO4,600.0,import,3924.0
2024-07-15 15:00:00,FI,1026.33,import,17334.71
2024-07-15 15:00:00,DK1,-740.0,export,-49639.2
2024-07-15 15:00:00,DK2,-1700.0,export,-114801.0
2024-07-15 15:00:00,PL,-600.0,export,-74472.0
2024-07-15 15:00:00,LT,-700.0,export,-70427.0
2024-07-15 15:00:00,DE,-615.0,export,-43517.4
2024-07-15 16:00:00,NO1,-728.35,export,-18252.45
2024-07-15 16:00:00,NO3,610.48,import,13534.34
2024-07-15 16:00:00,NO4,600.0,import,3924.0
2024-07-15 16:00:00,FI,1066.04,import,18005.42
2024-07-15 16:00:00,DK1,-740.0,export,-49639.2
2024-07-15 16:00:00,DK2,-1700.0,export,-114801.0
2024-07-15 16:00:00,PL,-600.0,export,-74472.0
2024-07-15 16:00:00,LT,-700.0,export,-70427.0
2024-07-15 16:00:00,DE,-615.0,export,-43517.4
2024-07-15 17:00:00,NO1,-674.11,export,-16893.2
2024-07-15 17:00:00,NO3,474.2,import,10513.01
2024-07-15 17:00:00,NO4,600.0,import,3924.0
2024-07-15 17:00:00,FI,1028.28,import,17367.65
2024-07-15 17:00:00,DK1,-740.0,export,-49639.2
2024-07-15 17:00:00,DK2,-1700.0,export,-114801.0
2024-07-15 17:00:00,PL,-600.0,export,-74472.0
2024-07-15 17:00:00,LT,-700.0,export,-70427.0
2024-07-15 17:00:00,DE,-615.0,export,-43517.4
2024-07-15 18:00:00,NO1,-750.5,export,-18807.53
2024-07-15 18:00:00,NO3,462.9,import,10262.49
2024-07-15 18:00:00,NO4,600.0,import,3924.0
2024-07-15 18:00:00,FI,985.04,import,16637.33
2024-07-15 18:00:00,DK1,-740.0,export,-49639.2
2024-07-15 18:00:00,DK2,-1700.0,export,-114801.0
2024-07-15 18:00:00,PL,-600.0,export,-74472.0
2024-07-15 18:00:00,LT,-700.0,export,-70427.0
2024-07-15 18:00:00,DE,-615.0,export,-43517.4
2024-07-15 19:00:00,NO1,-888.23,export,-22259.04
2024-07-15 19:00:00,NO3,548.63,import,12163.13
2024-07-15 19:00:00,NO4,600.0,import,3924.0
2024-07-15 19:00:00,FI,1068.64,import,18049.33
2024-07-15 19:00:00,DK1,-740.0,export,-49639.2
2024-07-15 19:00:00,DK2,-1700.0,export,-114801.0
2024-07-15 19:00:00,PL,-600.0,export,-74472.0
2024-07-15 19:00:00,LT,-700.0,export,-70427.0
2024-07-15 19:00:00,DE,-615.0,export,-43517.4
2024-07-15 20:00:00,NO1,-1178.37,export,-29529.95
2024-07-15 20:00:00,NO3,795.76,import,17642.0
2024-07-15 20:00:00,NO4,600.0,import,3924.0
2024-07-15 20:00:00,FI,1281.32,import,21641.49
2024-07-15 20:00:00,DK1,-740.0,export,-49639.2
2024-07-15 20:00:00,DK2,-1700.0,export,-114801.0
2024-07-15 20:00:00,PL,-600.0,export,-74472.0
2024-07-15 20:00:00,LT,-700.0,export,-70427.0
2024-07-15 20:00:00,DE,-615.0,export,-43517.4
2024-07-15 21:00:00,NO1,-1436.46,export,-35997.69
2024-07-15 21:00:00,NO3,1000.0,import,22170.0
2024-07-15 21:00:00,NO4,600.0,import,3924.0
2024-07-15 21:00:00,FI,1500.0,import,25335.0
2024-07-15 21:00:00,DK1,-740.0,export,-49639.2
2024-07-15 21:00:00,DK2,-1700.0,export,-114801.0
2024-07-15 21:00:00,PL,-600.0,export,-74472.0
2024-07-15 21:00:00,LT,-700.0,export,-70427.0
2024-07-15 21:00:00,DE,-615.0,export,-43517.4
2024-07-15 22:00:00,NO1,-1661.65,export,-41640.95
2024-07-15 22:00:00,NO3,1000.0,import,22170.0
2024-07-15 22:00:00,NO4,600.0,import,3924.0
2024-07-15 22:00:00,FI,1500.0,import,25335.0
2024-07-15 22:00:00,DK1,-740.0,export,-49639.2
2024-07-15 22:00:00,DK2,-1700.0,export,-114801.0
2024-07-15 22:00:00,PL,-600.0,export,-74472.0
2024-07-15 22:00:00,LT,-700.0,export,-70427.0
2024-07-15 22:00:00,DE,-615.0,export,-43517.4
2024-07-15 23:00:00,NO1,-1487.68,export,-37281.26
2024-07-15 23:00:00,NO3,1000.0,import,22170.0
2024-07-15 23:00:00,NO4,600.0,import,3924.0
2024-07-15 23:00:00,FI,1500.0,import,25335.0
2024-07-15 23:00:00,DK1,-740.0,export,-49639.2
2024-07-15 23:00:00,DK2,-1700.0,export,-114801.0
2024-07-15 23:00:00,PL,-600.0,export,-74472.0
2024-07-15 23:00:00,LT,-700.0,export,-70427.0
2024-07-15 23:00:00,DE,-615.0,export,-43517.4
2024-07-16 00:00:00,NO1,-1316.24,export,-32984.97
2024-07-16 00:00:00,NO3,1000.0,import,22170.0
2024-07-16 00:00:00,NO4,600.0,import,3924.0
2024-07-16 00:00:00,FI,1500.0,import,25335.0
2024-07-16 00:00:00,DK1,-740.0,export,-49639.2
2024-07-16 00:00:00,DK2,-1700.0,export,-114801.0
2024-07-16 00:00:00,PL,-600.0,export,-74472.0
2024-07-16 00:00:00,LT,-700.0,export,-70427.0
2024-07-16 00:00:00,DE,-615.0,export,-43517.4
2024-07-16 01:00:00,NO1,-1463.86,export,-36684.33
2024-07-16 01:00:00,NO3,1000.0,import,22170.0
2024-07-16 01:00:00,NO4,600.0,import,3924.0
2024-07-16 01:00:00,FI,1500.0,import,25335.0
2024-07-16 01:00:00,DK1,-740.0,export,-49639.2
2024-07-16 01:00:00,DK2,-1700.0,export,-114801.0
2024-07-16 01:00:00,PL,-600.0,export,-74472.0
2024-07-16 01:00:00,LT,-700.0,export,-70427.0
2024-07-16 01:00:00,DE,-615.0,export,-43517.4
2024-07-16 02:00:00,NO1,-1609.29,export,-40328.81
2024-07-16 02:00:00,NO3,1000.0,import,22170.0
2024-07-16 02:00:00,NO4,600.0,import,3924.0
2024-07-16 02:00:00,FI,1500.0,import,25335.0
2024-07-16 02:00:00,DK1,-740.0,export,-49639.2
2024-07-16 02:00:00,DK2,-1700.0,export,-114801.0
2024-07-16 02:00:00,PL,-600.0,export,-74472.0
2024-07-16 02:00:00,LT,-700.0,export,-70427.0
2024-07-16 02:00:00,DE,-615.0,export,-43517.4
2024-07-16 03:00:00,NO1,-1856.18,export,-46515.87
2024-07-16 03:00:00,NO3,1000.0,import,22170.0
2024-07-16 03:00:00,NO4,600.0,import,3924.0
2024-07-16 03:00:00,FI,1500.0,import,25335.0
2024-07-16 03:00:00,DK1,-740.0,export,-49639.2
2024-07-16 03:00:00,DK2,-1700.0,export,-114801.0
2024-07-16 03:00:00,PL,-600.0,export,-74472.0
2024-07-16 03:00:00,LT,-700.0,export,-70427.0
2024-07-16 03:00:00,DE,-615.0,export,-43517.4
2024-07-16 04:00:00,NO1,-1771.22,export,-44386.77
2024-07-16 04:00:00,NO3,912.3,import,20225.69
2024-07-16 04:00:00,NO4,600.0,import,3924.0
2024-07-16 04:00:00,FI,1066.27,import,18009.3
2024-07-16 04:00:00,DK1,-740.0,export,-49639.2
2024-07-16 04:00:00,DK2,-1700.0,export,-114801.0
2024-07-16 04:00:00,PL,-600.0,export,-74472.0
2024-07-16 04:00:00,LT,-700.0,export,-70427.0
2024-07-16 04:00:00,DE,-615.0,export,-43517.4
2024-07-16 05:00:00,NO1,-1278.75,export,-32045.48
2024-07-16 05:00:00,NO3,983.33,import,21800.43
2024-07-16 05:00:00,NO4,600.0,import,3924.0
2024-07-16 05:00:00,FI,811.25,import,13702.01
2024-07-16 05:00:00,DK1,-740.0,export,-49639.2
2024-07-16 05:00:00,DK2,-1700.0,export,-114801.0
2024-07-16 05:00:00,PL,-600.0,export,-74472.0
2024-07-16 05:00:00,LT,-700.0,export,-70427.0
2024-07-16 05:00:00,DE,-615.0,export,-43517.4
2024-07-16 06:00:00,NO1,-918.65,export,-23021.37
2024-07-16 06:00:00,NO3,1000.0,import,22170.0
2024-07-16 06:00:00,NO4,600.0,import,3924.0
2024-07-16 06:00:00,FI,846.7,import,14300.76
2024-07-16 06:00:00,DK1,-740.0,export,-49639.2
2024-07-16 06:00:00,DK2,-1700.0,export,-114801.0
2024-07-16 06:00:00,PL,-600.0,export,-74472.0
2024-07-16 06:00:00,LT,-700.0,export,-70427.0
2024-07-16 06:00:00,DE,-615.0,export,-43517.4
2024-07-16 07:00:00,NO1,-722.62,export,-18108.86
2024-07-16 07:00:00,NO3,1000.0,import,22170.0
2024-07-16 07:00:00,NO4,600.0,import,3924.0
2024-07-16 07:00:00,FI,901.73,import,15230.22
2024-07-16 07:00:00,DK1,-740.0,export,-49639.2
2024-07-16 07:00:00,DK2,-1700.0,export,-114801.0
2024-07-16 07:00:00,PL,-600.0,export,-74472.0
2024-07-16 07:00:00,LT,-700.0,export,-70427.0
2024-07-16 07:00:00,DE,-615.0,export,-43517.4
2024-07-16 08:00:00,NO1,-480.19,export,-12033.56
2024-07-16 08:00:00,NO3,1000.0,import,22170.0
2024-07-16 08:00:00,NO4,600.0,import,3924.0
2024-07-16 08:00:00,FI,1500.0,import,25335.0
2024-07-16 08:00:00,DK1,-740.0,export,-49639.2
2024-07-16 08:00:00,DK2,-1700.0,export,-114801.0
2024-07-16 08:00:00,PL,-600.0,export,-74472.0
2024-07-16 08:00:00,LT,-700.0,export,-70427.0
2024-07-16 08:00:00,DE,-615.0,export,-43517.4
2024-07-16 09:00:00,NO1,997.8,import,25004.87
2024-07-16 09:00:00,NO3,1000.0,import,22170.0
2024-07-16 09:00:00,NO4,600.0,import,3924.0
2024-07-16 09:00:00,FI,1500.0,import,25335.0
2024-07-16 09:00:00,DK1,-740.0,export,-49639.2
2024-07-16 09:00:00,DK2,-1700.0,export,-114801.0
2024-07-16 09:00:00,PL,-600.0,export,-74472.0
2024-07-16 09:00:00,LT,-700.0,export,-70427.0
2024-07-16 09:00:00,DE,-615.0,export,-43517.4
2024-07-16 10:00:00,NO1,2145.0,import,53753.7
2024-07-16 10:00:00,NO3,1000.0,import,22170.0
2024-07-16 10:00:00,NO4,600.0,import,3924.0
2024-07-16 10:00:00,FI,1500.0,import,25335.0
2024-07-16 10:00:00,DK1,-740.0,export,-49639.2
2024-07-16 10:00:00,DK2,-1700.0,export,-114801.0
2024-07-16 10:00:00,PL,-600.0,export,-74472.0
2024-07-16 10:00:00,LT,-700.0,export,-70427.0
2024-07-16 10:00:00,DE,-615.0,export,-43517.4
2024-07-16 11:00:00,NO1,2145.0,import,53753.7
2024-07-16 11:00:00,NO3,1000.0,import,22170.0
2024-07-16 11:00:00,NO4,600.0,import,3924.0
2024-07-16 11:00:00,FI,1500.0,import,25335.0
2024-07-16 11:00:00,DK1,-740.0,export,-49639.2
2024-07-16 11:00:00,DK2,-1700.0,export,-114801.0
2024-07-16 11:00:00,PL,-600.0,export,-74472.0
2024-07-16 11:00:00,LT,-700.0,export,-70427.0
2024-07-16 11:00:00,DE,-615.0,export,-43517.4
2024-07-16 12:00:00,NO1,1938.45,import,48577.56
2024-07-16 12:00:00,NO3,1000.0,import,22170.0
2024-07-16 12:00:00,NO4,600.0,import,3924.0
2024-07-16 12:00:00,FI,1500.0,import,25335.0
2024-07-16 12:00:00,DK1,-740.0,export,-49639.2
2024-07-16 12:00:00,DK2,-1700.0,export,-114801.0
2024-07-16 12:00:00,PL,-600.0,export,-74472.0
2024-07-16 12:00:00,LT,-700.0,export,-70427.0
2024-07-16 12:00:00,DE,-615.0,export,-43517.4
2024-07-16 13:00:00,NO1,1474.43,import,36949.22
2024-07-16 13:00:00,NO3,1000.0,import,22170.0
2024-07-16 13:00:00,NO4,600.0,import,3924.0
2024-07-16 13:00:00,FI,1500.0,import,25335.0
2024-07-16 13:00:00,DK1,-740.0,export,-49639.2
2024-07-16 13:00:00,DK2,-1700.0,export,-114801.0
2024-07-16 13:00:00,PL,-600.0,export,-74472.0
2024-07-16 13:00:00,LT,-700.0,export,-70427.0
2024-07-16 13:00:00,DE,-615.0,export,-43517.4
2024-07-16 14:00:00,NO1,249.52,import,6252.97
2024-07-16 14:00:00,NO3,1000.0,import,22170.0
2024-07-16 14:00:00,NO4,600.0,import,3924.0
2024-07-16 14:00:00,FI,1500.0,import,25335.0
2024-07-16 14:00:00,DK1,-740.0,export,-49639.2
2024-07-16 14:00:00,DK2,-1700.0,export,-114801.0
2024-07-16 14:00:00,PL,-600.0,export,-74472.0
2024-07-16 14:00:00,LT,-700.0,export,-70427.0
2024-07-16 14:00:00,DE,-615.0,export,-43517.4
2024-07-16 15:00:00,NO1,-325.49,export,-8156.78
2024-07-16 15:00:00,NO3,1000.0,import,22170.0
2024-07-16 15:00:00,NO4,600.0,import,3924.0
2024-07-16 15:00:00,FI,864.94,import,14608.84
2024-07-16 15:00:00,DK1,-740.0,export,-49639.2
2024-07-16 15:00:00,DK2,-1700.0,export,-114801.0
2024-07-16 15:00:00,PL,-600.0,export,-74472.0
2024-07-16 15:00:00,LT,-700.0,export,-70427.0
2024-07-16 15:00:00,DE,-615.0,export,-43517.4
2024-07-16 16:00:00,NO1,-216.71,export,-5430.75
2024-07-16 16:00:00,NO3,602.62,import,13360.09
2024-07-16 16:00:00,NO4,600.0,import,3924.0
2024-07-16 16:00:00,FI,494.33,import,8349.23
2024-07-16 16:00:00,DK1,-740.0,export,-49639.2
2024-07-16 16:00:00,DK2,-1700.0,export,-114801.0
2024-07-16 16:00:00,PL,-600.0,export,-74472.0
2024-07-16 16:00:00,LT,-700.0,export,-70427.0
2024-07-16 16:00:00,DE,-615.0,export,-43517.4
2024-07-16 17:00:00,NO1,-178.07,export,-4462.43
2024-07-16 17:00:00,NO3,671.66,import,14890.7
2024-07-16 17:00:00,NO4,600.0,import,3924.0
2024-07-16 17:00:00,FI,545.56,import,9214.51
2024-07-16 17:00:00,DK1,-740.0,export,-49639.2
2024-07-16 17:00:00,DK2,-1700.0,export,-114801.0
2024-07-16 17:00:00,PL,-600.0,export,-74472.0
2024-07-16 17:00:00,LT,-700.0,export,-70427.0
2024-07-16 17:00:00,DE,-615.0,export,-43517.4
2024-07-16 18:00:00,NO1,-497.93,export,-12478.13
2024-07-16 18:00:00,NO3,792.52,import,17570.17
2024-07-16 18:00:00,NO4,600.0,import,3924.0
2024-07-16 18:00:00,FI,375.37,import,6340.0
2024-07-16 18:00:00,DK1,-740.0,export,-49639.2
2024-07-16 18:00:00,DK2,-1700.0,export,-114801.0
2024-07-16 18:00:00,PL,-600.0,export,-74472.0
2024-07-16 18:00:00,LT,-700.0,export,-70427.0
2024-07-16 18:00:00,DE,-615.0,export,-43517.4
2024-07-16 19:00:00,NO1,-647.98,export,-16238.38
2024-07-16 19:00:00,NO3,856.05,import,18978.63
2024-07-16 19:00:00,NO4,600.0,import,3924.0
2024-07-16 19:00:00,FI,903.48,import,15259.78
2024-07-16 19:00:00,DK1,-740.0,export,-49639.2
2024-07-16 19:00:00,DK2,-1700.0,export,-114801.0
2024-07-16 19:00:00,PL,-600.0,export,-74472.0
2024-07-16 19:00:00,LT,-700.0,export,-70427.0
2024-07-16 19:00:00,DE,-615.0,export,-43517.4
2024-07-16 20:00:00,NO1,-882.98,export,-22127.48
2024-07-16 20:00:00,NO3,782.58,import,17349.8
2024-07-16 20:00:00,NO4,600.0,import,3924.0
2024-07-16 20:00:00,FI,992.68,import,16766.37
2024-07-16 20:00:00,DK1,-740.0,export,-49639.2
2024-07-16 20:00:00,DK2,-1700.0,export,-114801.0
2024-07-16 20:00:00,PL,-600.0,export,-74472.0
2024-07-16 20:00:00,LT,-700.0,export,-70427.0
2024-07-16 20:00:00,DE,-615.0,export,-43517.4
2024-07-16 21:00:00,NO1,-1379.92,export,-34580.8
2024-07-16 21:00:00,NO3,821.5,import,18212.66
2024-07-16 21:00:00,NO4,600.0,import,3924.0
2024-07-16 21:00:00,FI,1500.0,import,25335.0
2024-07-16 21:00:00,DK1,-740.0,export,-49639.2
2024-07-16 21:00:00,DK2,-1700.0,export,-114801.0
2024-07-16 21:00:00,PL,-600.0,export,-74472.0
2024-07-16 21:00:00,LT,-700.0,export,-70427.0
2024-07-16 21:00:00,DE,-615.0,export,-43517.4
2024-07-16 22:00:00,NO1,-1226.41,export,-30733.83
2024-07-16 22:00:00,NO3,1000.0,import,22170.0
2024-07-16 22:00:00,NO4,600.0,import,3924.0
2024-07-16 22:00:00,FI,1500.0,import,25335.0
2024-07-16 22:00:00,DK1,-740.0,export,-49639.2
2024-07-16 22:00:00,DK2,-1700.0,export,-114801.0
2024-07-16 22:00:00,PL,-600.0,export,-74472.0
2024-07-16 22:00:00,LT,-700.0,export,-70427.0
2024-07-16 22:00:00,DE,-615.0,export,-43517.4
2024-07-16 23:00:00,NO1,-1382.05,export,-34634.17
2024-07-16 23:00:00,NO3,1000.0,import,22170.0
2024-07-16 23:00:00,NO4,600.0,import,3924.0
2024-07-16 23:00:00,FI,1500.0,import,25335.0
2024-07-16 23:00:00,DK1,-740.0,export,-49639.2
2024-07-16 23:00:00,DK2,-1700.0,export,-114801.0
2024-07-16 23:00:00,PL,-600.0,export,-74472.0
2024-07-16 23:00:00,LT,-700.0,export,-70427.0
2024-07-16 23:00:00,DE,-615.0,export,-43517.4
2024-07-17 00:00:00,NO1,-1625.99,export,-40747.31
2024-07-17 00:00:00,NO3,1000.0,import,22170.0
2024-07-17 00:00:00,NO4,600.0,import,3924.0
2024-07-17 00:00:00,FI,1500.0,import,25335.0
2024-07-17 00:00:00,DK1,-740.0,export,-49639.2
2024-07-17 00:00:00,DK2,-1700.0,export,-114801.0
2024-07-17 00:00:00,PL,-600.0,export,-74472.0
2024-07-17 00:00:00,LT,-700.0,export,-70427.0
2024-07-17 00:00:00,DE,-615.0,export,-43517.4
2024-07-17 01:00:00,NO1,-1545.86,export,-38739.25
2024-07-17 01:00:00,NO3,1000.0,import,22170.0
2024-07-17 01:00:00,NO4,600.0,import,3924.0
2024-07-17 01:00:00,FI,1500.0,import,25335.0
2024-07-17 01:00:00,DK1,-740.0,export,-49639.2
2024-07-17 01:00:00,DK2,-1700.0,export,-114801.0
2024-07-17 01:00:00,PL,-600.0,export,-74472.0
2024-07-17 01:00:00,LT,-700.0,export,-70427.0
2024-07-17 01:00:00,DE,-615.0,export,-43517.4
2024-07-17 02:00:00,NO1,-1629.21,export,-40828.0
2024-07-17 02:00:00,NO3,1000.0,import,22170.0
2024-07-17 02:00:00,NO4,600.0,import,3924.0
2024-07-17 02:00:00,FI,1500.0,import,25335.0
2024-07-17 02:00:00,DK1,-740.0,export,-49639.2
2024-07-17 02:00:00,DK2,-1700.0,export,-114801.0
2024-07-17 02:00:00,PL,-600.0,export,-74472.0
2024-07-17 02:00:00,LT,-700.0,export,-70427.0
2024-07-17 02:00:00,DE,-615.0,export,-43517.4
2024-07-17 03:00:00,NO1,-1919.91,export,-48112.94
2024-07-17 03:00:00,NO3,1000.0,import,22170.0
2024-07-17 03:00:00,NO4,600.0,import,3924.0
2024-07-17 03:00:00,FI,1500.0,import,25335.0
2024-07-17 03:00:00,DK1,-740.0,export,-49639.2
2024-07-17 03:00:00,DK2,-1700.0,export,-114801.0
2024-07-17 03:00:00,PL,-600.0,export,-74472.0
2024-07-17 03:00:00,LT,-700.0,export,-70427.0
2024-07-17 03:00:00,DE,-615.0,export,-43517.4
2024-07-17 04:00:00,NO1,-2071.49,export,-51911.54
2024-07-17 04:00:00,NO3,1000.0,import,22170.0
2024-07-17 04:00:00,NO4,600.0,import,3924.0
2024-07-17 04:00:00,FI,1500.0,import,25335.0
2024-07-17 04:00:00,DK1,-740.0,export,-49639.2
2024-07-17 04:00:00,DK2,-1700.0,export,-114801.0
2024-07-17 04:00:00,PL,-600.0,export,-74472.0
2024-07-17 04:00:00,LT,-700.0,export,-70427.0
2024-07-17 04:00:00,DE,-615.0,export,-43517.4
2024-07-17 05:00:00,NO1,-2145.0,export,-53753.7
2024-07-17 05:00:00,NO3,866.86,import,19218.29
2024-07-17 05:00:00,NO4,600.0,import,3924.0
2024-07-17 05:00:00,FI,1500.0,import,25335.0
2024-07-17 05:00:00,DK1,-740.0,export,-49639.2
2024-07-17 05:00:00,DK2,-1700.0,export,-114801.0
2024-07-17 05:00:00,PL,-600.0,export,-74472.0
2024-07-17 05:00:00,LT,-700.0,export,-70427.0
2024-07-17 05:00:00,DE,-615.0,export,-43517.4
2024-07-17 06:00:00,NO1,-1762.47,export,-44167.5
2024-07-17 06:00:00,NO3,691.68,import,15334.55
2024-07-17 06:00:00,NO4,600.0,import,3924.0
2024-07-17 06:00:00,FI,1500.0,import,25335.0
2024-07-17 06:00:00,DK1,-740.0,export,-49639.2
2024-07-17 06:00:00,DK2,-1700.0,export,-114801.0
2024-07-17 06:00:00,PL,-600.0,export,-74472.0
2024-07-17 06:00:00,LT,-700.0,export,-70427.0
2024-07-17 06:00:00,DE,-615.0,export,-43517.4
2024-07-17 07:00:00,NO1,-1741.2,export,-43634.47
2024-07-17 07:00:00,NO3,872.57,import,19344.88
2024-07-17 07:00:00,NO4,600.0,import,3924.0
2024-07-17 07:00:00,FI,1500.0,import,25335.0
2024-07-17 07:00:00,DK1,-740.0,export,-49639.2
2024-07-17 07:00:00,DK2,-1700.0,export,-114801.0
2024-07-17 07:00:00,PL,-600.0,export,-74472.0
2024-07-17 07:00:00,LT,-700.0,export,-70427.0
2024-07-17 07:00:00,DE,-615.0,export,-43517.4
2024-07-17 08:00:00,NO1,-1660.42,export,-41610.13
2024-07-17 08:00:00,NO3,1000.0,import,22170.0
2024-07-17 08:00:00,NO4,600.0,import,3924.0
2024-07-17 08:00:00,FI,1500.0,import,25335.0
2024-07-17 08:00:00,DK1,-740.0,export,-49639.2
2024-07-17 08:00:00,DK2,-1700.0,export,-114801.0
2024-07-17 08:00:00,PL,-600.0,export,-74472.0
2024-07-17 08:00:00,LT,-700.0,export,-70427.0
2024-07-17 08:00:00,DE,-615.0,export,-43517.4
2024-07-17 09:00:00,NO1,-1338.74,export,-33548.82
2024-07-17 09:00:00,NO3,1000.0,import,22170.0
2024-07-17 09:00:00,NO4,600.0,import,3924.0
2024-07-17 09:00:00,FI,1500.0,import,25335.0
2024-07-17 09:00:00,DK1,-740.0,export,-49639.2
2024-07-17 09:00:00,DK2,-1700.0,export,-114801.0
2024-07-17 09:00:00,PL,-600.0,export,-74472.0
2024-07-17 09:00:00,LT,-700.0,export,-70427.0
2024-07-17 09:00:00,DE,-615.0,export,-43517.4
2024-07-17 10:00:00,NO1,-1607.81,export,-40291.72
2024-07-17 10:00:00,NO3,1000.0,import,22170.0
2024-07-17 10:00:00,NO4,600.0,import,3924.0
2024-07-17 10:00:00,FI,1500.0,import,25335.0
2024-07-17 10:00:00,DK1,-740.0,export,-49639.2
2024-07-17 10:00:00,DK2,-1700.0,export,-114801.0
2024-07-17 10:00:00,PL,-600.0,export,-74472.0
2024-07-17 10:00:00,LT,-700.0,export,-70427.0
2024-07-17 10:00:00,DE,-615.0,export,-43517.4
2024-07-17 11:00:00,NO1,-1536.74,export,-38510.7
2024-07-17 11:00:00,NO3,1000.0,import,22170.0
2024-07-17 11:00:00,NO4,600.0,import,3924.0
2024-07-17 11:00:00,FI,1500.0,import,25335.0
2024-07-17 11:00:00,DK1,-740.0,export,-49639.2
2024-07-17 11:00:00,DK2,-1700.0,export,-114801.0
2024-07-17 11:00:00,PL,-600.0,export,-74472.0
2024-07-17 11:00:00,LT,-700.0,export,-70427.0
2024-07-17 11:00:00,DE,-615.0,export,-43517.4
2024-07-17 12:00:00,NO1,-1206.27,export,-30229.13
2024-07-17 12:00:00,NO3,1000.0,import,22170.0
2024-07-17 12:00:00,NO4,600.0,import,3924.0
2024-07-17 12:00:00,FI,1500.0,import,25335.0
2024-07-17 12:00:00,DK1,-740.0,export,-49639.2
2024-07-17 12:00:00,DK2,-1700.0,export,-114801.0
2024-07-17 12:00:00,PL,-600.0,export,-74472.0
2024-07-17 12:00:00,LT,-700.0,export,-70427.0
2024-07-17 12:00:00,DE,-615.0,export,-43517.4
2024-07-17 13:00:00,NO1,-1152.33,export,-28877.39
2024-07-17 13:00:00,NO3,1000.0,import,22170.0
2024-07-17 13:00:00,NO4,600.0,import,3924.0
2024-07-17 13:00:00,FI,1500.0,import,25335.0
2024-07-17 13:00:00,DK1,-740.0,export,-49639.2
2024-07-17 13:00:00,DK2,-1700.0,export,-114801.0
2024-07-17 13:00:00,PL,-600.0,export,-74472.0
2024-07-17 13:00:00,LT,-700.0,export,-70427.0
2024-07-17 13:00:00,DE,-615.0,export,-43517.4
2024-07-17 14:00:00,NO1,-1335.35,export,-33463.87
2024-07-17 14:00:00,NO3,1000.0,import,22170.0
2024-07-17 14:00:00,NO4,600.0,import,3924.0
2024-07-17 14:00:00,FI,1500.0,import,25335.0
2024-07-17 14:00:00,DK1,-740.0,export,-49639.2
2024-07-17 14:00:00,DK2,-1700.0,export,-114801.0
2024-07-17 14:00:00,PL,-600.0,export,-74472.0
2024-07-17 14:00:00,LT,-700.0,export,-70427.0
2024-07-17 14:00:00,DE,-615.0,export,-43517.4
2024-07-17 15:00:00,NO1,-1604.39,export,-40206.01
2024-07-17 15:00:00,NO3,1000.0,import,22170.0
2024-07-17 15:00:00,NO4,600.0,import,3924.0
2024-07-17 15:00:00,FI,1500.0,import,25335.0
2024-07-17 15:00:00,DK1,-740.0,export,-49639.2
2024-07-17 15:00:00,DK2,-1700.0,export,-114801.0
2024-07-17 15:00:00,PL,-600.0,export,-74472.0
2024-07-17 15:00:00,LT,-700.0,export,-70427.0
2024-07-17 15:00:00,DE,-615.0,export,-43517.4
2024-07-17 16:00:00,NO1,-1722.95,export,-43177.13
2024-07-17 16:00:00,NO3,1000.0,import,22170.0
2024-07-17 16:00:00,NO4,600.0,import,3924.0
2024-07-17 16:00:00,FI,1500.0,import,25335.0
2024-07-17 16:00:00,DK1,-740.0,export,-49639.2
2024-07-17 16:00:00,DK2,-1700.0,export,-114801.0
2024-07-17 16:00:00,PL,-600.0,export,-74472.0
2024-07-17 16:00:00,LT,-700.0,export,-70427.0
2024-07-17 16:00:00,DE,-615.0,export,-43517.4
2024-07-17 17:00:00,NO1,-1808.58,export,-45323.01
2024-07-17 17:00:00,NO3,1000.0,import,22170.0
2024-07-17 17:00:00,NO4,600.0,import,3924.0
2024-07-17 17:00:00,FI,1500.0,import,25335.0
2024-07-17 17:00:00,DK1,-740.0,export,-49639.2
2024-07-17 17:00:00,DK2,-1700.0,export,-114801.0
2024-07-17 17:00:00,PL,-600.0,export,-74472.0
2024-07-17 17:00:00,LT,-700.0,export,-70427.0
2024-07-17 17:00:00,DE,-615.0,export,-43517.4
2024-07-17 18:00:00,NO1,-1864.6,export,-46726.88
2024-07-17 18:00:00,NO3,1000.0,import,22170.0
2024-07-17 18:00:00,NO4,600.0,import,3924.0
2024-07-17 18:00:00,FI,1500.0,import,25335.0
2024-07-17 18:00:00,DK1,-740.0,export,-49639.2
2024-07-17 18:00:00,DK2,-1700.0,export,-114801.0
2024-07-17 18:00:00,PL,-600.0,export,-74472.0
2024-07-17 18:00:00,LT,-700.0,export,-70427.0
2024-07-17 18:00:00,DE,-615.0,export,-43517.4
2024-07-17 19:00:00,NO1,-2097.34,export,-52559.34
2024-07-17 19:00:00,NO3,1000.0,import,22170.0
2024-07-17 19:00:00,NO4,600.0,import,3924.0
2024-07-17 19:00:00,FI,1500.0,import,25335.0
2024-07-17 19:00:00,DK1,-740.0,export,-49639.2
2024-07-17 19:00:00,DK2,-1700.0,export,-114801.0
2024-07-17 19:00:00,PL,-600.0,export,-74472.0
2024-07-17 19:00:00,LT,-700.0,export,-70427.0
2024-07-17 19:00:00,DE,-615.0,export,-43517.4
2024-07-17 20:00:00,NO1,-2078.12,export,-52077.69
2024-07-17 20:00:00,NO3,1000.0,import,22170.0
2024-07-17 20:00:00,NO4,600.0,import,3924.0
2024-07-17 20:00:00,FI,1500.0,import,25335.0
2024-07-17 20:00:00,DK1,-740.0,export,-49639.2
2024-07-17 20:00:00,DK2,-1700.0,export,-114801.0
2024-07-17 20:00:00,PL,-600.0,export,-74472.0
2024-07-17 20:00:00,LT,-700.0,export,-70427.0
2024-07-17 20:00:00,DE,-615.0,export,-43517.4
2024-07-17 21:00:00,NO1,-2145.0,export,-53753.7
2024-07-17 21:00:00,NO3,919.55,import,20386.42
2024-07-17 21:00:00,NO4,600.0,import,3924.0
2024-07-17 21:00:00,FI,1500.0,import,25335.0
2024-07-17 21:00:00,DK1,-740.0,export,-49639.2
2024-07-17 21:00:00,DK2,-1700.0,export,-114801.0
2024-07-17 21:00:00,PL,-600.0,export,-74472.0
2024-07-17 21:00:00,LT,-700.0,export,-70427.0
2024-07-17 21:00:00,DE,-615.0,export,-43517.4
2024-07-17 22:00:00,NO1,-1830.74,export,-45878.34
2024-07-17 22:00:00,NO3,1000.0,import,22170.0
2024-07-17 22:00:00,NO4,600.0,import,3924.0
2024-07-17 22:00:00,FI,1500.0,import,25335.0
2024-07-17 22:00:00,DK1,-740.0,export,-49639.2
2024-07-17 22:00:00,DK2,-1700.0,export,-114801.0
2024-07-17 22:00:00,PL,-600.0,export,-74472.0
2024-07-17 22:00:00,LT,-700.0,export,-70427.0
2024-07-17 22:00:00,DE,-615.0,export,-43517.4
2024-07-17 23:00:00,NO1,-1883.67,export,-47204.77
2024-07-17 23:00:00,NO3,1000.0,import,22170.0
2024-07-17 23:00:00,NO4,600.0,import,3924.0
2024-07-17 23:00:00,FI,1500.0,import,25335.0
2024-07-17 23:00:00,DK1,-740.0,export,-49639.2
2024-07-17 23:00:00,DK2,-1700.0,export,-114801.0
2024-07-17 23:00:00,PL,-600.0,export,-74472.0
2024-07-17 23:00:00,LT,-700.0,export,-70427.0
2024-07-17 23:00:00,DE,-615.0,export,-43517.4
2024-07-18 00:00:00,NO1,-1915.77,export,-48009.2
2024-07-18 00:00:00,NO3,1000.0,import,22170.0
2024-07-18 00:00:00,NO4,600.0,import,3924.0
2024-07-18 00:00:00,FI,1500.0,import,25335.0
2024-07-18 00:00:00,DK1,-740.0,export,-49639.2
2024-07-18 00:00:00,DK2,-1700.0,export,-114801.0
2024-07-18 00:00:00,PL,-600.0,export,-74472.0
2024-07-18 00:00:00,LT,-700.0,export,-70427.0
2024-07-18 00:00:00,DE,-615.0,export,-43517.4
2024-07-18 01:00:00,NO1,-1896.86,export,-47535.31
2024-07-18 01:00:00,NO3,1000.0,import,22170.0
2024-07-18 01:00:00,NO4,600.0,import,3924.0
2024-07-18 01:00:00,FI,1500.0,import,25335.0
2024-07-18 01:00:00,DK1,-740.0,export,-49639.2
2024-07-18 01:00:00,DK2,-1700.0,export,-114801.0
2024-07-18 01:00:00,PL,-600.0,export,-74472.0
2024-07-18 01:00:00,LT,-700.0,export,-70427.0
2024-07-18 01:00:00,DE,-615.0,export,-43517.4
2024-07-18 02:00:00,NO1,-1937.63,export,-48557.01
2024-07-18 02:00:00,NO3,1000.0,import,22170.0
2024-07-18 02:00:00,NO4,600.0,import,3924.0
2024-07-18 02:00:00,FI,1500.0,import,25335.0
2024-07-18 02:00:00,DK1,-740.0,export,-49639.2
2024-07-18 02:00:00,DK2,-1700.0,export,-114801.0
2024-07-18 02:00:00,PL,-600.0,export,-74472.0
2024-07-18 02:00:00,LT,-700.0,export,-70427.0
2024-07-18 02:00:00,DE,-615.0,export,-43517.4
2024-07-18 03:00:00,NO1,-2083.4,export,-52210.0
2024-07-18 03:00:00,NO3,1000.0,import,22170.0
2024-07-18 03:00:00,NO4,600.0,import,3924.0
2024-07-18 03:00:00,FI,1500.0,import,25335.0
2024-07-18 03:00:00,DK1,-740.0,export,-49639.2
2024-07-18 03:00:00,DK2,-1700.0,export,-114801.0
2024-07-18 03:00:00,PL,-600.0,export,-74472.0
2024-07-18 03:00:00,LT,-700.0,export,-70427.0
2024-07-18 03:00:00,DE,-615.0,export,-43517.4
2024-07-18 04:00:00,NO1,-2145.0,export,-53753.7
2024-07-18 04:00:00,NO3,821.14,import,18204.67
2024-07-18 04:00:00,NO4,600.0,import,3924.0
2024-07-18 04:00:00,FI,1500.0,import,25335.0
2024-07-18 04:00:00,DK1,-740.0,export,-49639.2
2024-07-18 04:00:00,DK2,-1700.0,export,-114801.0
2024-07-18 04:00:00,PL,-600.0,export,-74472.0
2024-07-18 04:00:00,LT,-700.0,export,-70427.0
2024-07-18 04:00:00,DE,-615.0,export,-43517.4
2024-07-18 05:00:00,NO1,-2145.0,export,-53753.7
2024-07-18 05:00:00,NO3,389.85,import,8642.97
2024-07-18 05:00:00,NO4,600.0,import,3924.0
2024-07-18 05:00:00,FI,1500.0,import,25335.0
2024-07-18 05:00:00,DK1,-740.0,export,-49639.2
2024-07-18 05:00:00,DK2,-1700.0,export,-114801.0
2024-07-18 05:00:00,PL,-600.0,export,-74472.0
2024-07-18 05:00:00,LT,-700.0,export,-70427.0
2024-07-18 05:00:00,DE,-615.0,export,-43517.4
2024-07-18 06:00:00,NO1,-2145.0,export,-53753.7
2024-07-18 06:00:00,NO3,387.76,import,8596.64
2024-07-18 06:00:00,NO4,600.0,import,3924.0
2024-07-18 06:00:00,FI,1494.91,import,25249.03
2024-07-18 06:00:00,DK1,-740.0,export,-49639.2
2024-07-18 06:00:00,DK2,-1700.0,export,-114801.0
2024-07-18 06:00:00,PL,-600.0,export,-74472.0
2024-07-18 06:00:00,LT,-700.0,export,-70427.0
2024-07-18 06:00:00,DE,-615.0,export,-43517.4
2024-07-18 07:00:00,NO1,-2145.0,export,-53753.7
2024-07-18 07:00:00,NO3,495.64,import,10988.34
2024-07-18 07:00:00,NO4,600.0,import,3924.0
2024-07-18 07:00:00,FI,1500.0,import,25335.0
2024-07-18 07:00:00,DK1,-740.0,export,-49639.2
2024-07-18 07:00:00,DK2,-1700.0,export,-114801.0
2024-07-18 07:00:00,PL,-600.0,export,-74472.0
2024-07-18 07:00:00,LT,-700.0,export,-70427.0
2024-07-18 07:00:00,DE,-615.0,export,-43517.4
2024-07-18 08:00:00,NO1,-2145.0,export,-53753.7
2024-07-18 08:00:00,NO3,280.47,import,6218.02
2024-07-18 08:00:00,NO4,600.0,import,3924.0
2024-07-18 08:00:00,FI,1500.0,import,25335.0
2024-07-18 08:00:00,DK1,-740.0,export,-49639.2
2024-07-18 08:00:00,DK2,-1700.0,export,-114801.0
2024-07-18 08:00:00,PL,-600.0,export,-74472.0
2024-07-18 08:00:00,LT,-700.0,export,-70427.0
2024-07-18 08:00:00,DE,-615.0,export,-43517.4
2024-07-18 09:00:00,NO1,-2145.0,export,-53753.7
2024-07-18 09:00:00,NO3,360.79,import,7998.71
2024-07-18 09:00:00,NO4,600.0,import,3924.0
2024-07-18 09:00:00,FI,1500.0,import,25335.0
2024-07-18 09:00:00,DK1,-740.0,export,-49639.2
2024-07-18 09:00:00,DK2,-1700.0,export,-114801.0
2024-07-18 09:00:00,PL,-600.0,export,-74472.0
2024-07-18 09:00:00,LT,-700.0,export,-70427.0
2024-07-18 09:00:00,DE,-615.0,export,-43517.4
2024-07-18 10:00:00,NO1,-2145.0,export,-53753.7
2024-07-18 10:00:00,NO3,281.83,import,6248.17
2024-07-18 10:00:00,NO4,600.0,import,3924.0
2024-07-18 10:00:00,FI,1500.0,import,25335.0
2024-07-18 10:00:00,DK1,-740.0,export,-49639.2
2024-07-18 10:00:00,DK2,-1700.0,export,-114801.0
2024-07-18 10:00:00,PL,-600.0,export,-74472.0
2024-07-18 10:00:00,LT,-700.0,export,-70427.0
2024-07-18 10:00:00,DE,-615.0,export,-43517.4
2024-07-18 11:00:00,NO1,-2145.0,export,-53753.7
2024-07-18 11:00:00,NO3,70.37,import,1560.1
2024-07-18 11:00:00,NO4,600.0,import,3924.0
2024-07-18 11:00:00,FI,1500.0,import,25335.0
2024-07-18 11:00:00,DK1,-740.0,export,-49639.2
2024-07-18 11:00:00,DK2,-1700.0,export,-114801.0
2024-07-18 11:00:00,PL,-600.0,export,-74472.0
2024-07-18 11:00:00,LT,-700.0,export,-70427.0
2024-07-18 11:00:00,DE,-615.0,export,-43517.4
2024-07-18 12:00:00,NO1,-2145.0,export,-53753.7
2024-07-18 12:00:00,NO3,-7.8,export,-172.93
2024-07-18 12:00:00,NO4,600.0,import,3924.0
2024-07-18 12:00:00,FI,1500.0,import,25335.0
2024-07-18 12:00:00,DK1,-740.0,export,-49639.2
2024-07-18 12:00:00,DK2,-1700.0,export,-114801.0
2024-07-18 12:00:00,PL,-600.0,export,-74472.0
2024-07-18 12:00:00,LT,-700.0,export,-70427.0
2024-07-18 12:00:00,DE,-615.0,export,-43517.4
2024-07-18 13:00:00,NO1,-2145.0,export,-53753.7
2024-07-18 13:00:00,NO3,123.91,import,2747.08
2024-07-18 13:00:00,NO4,600.0,import,3924.0
2024-07-18 13:00:00,FI,1500.0,import,25335.0
2024-07-18 13:00:00,DK1,-740.0,export,-49639.2
2024-07-18 13:00:00,DK2,-1700.0,export,-114801.0
2024-07-18 13:00:00,PL,-600.0,export,-74472.0
2024-07-18 13:00:00,LT,-700.0,export,-70427.0
2024-07-18 13:00:00,DE,-615.0,export,-43517.4
2024-07-18 14:00:00,NO1,-2145.0,export,-53753.7
2024-07-18 14:00:00,NO3,-178.44,export,-3956.01
2024-07-18 14:00:00,NO4,600.0,import,3924.0
2024-07-18 14:00:00,FI,1500.0,import,25335.0
2024-07-18 14:00:00,DK1,-740.0,export,-49639.2
2024-07-18 14:00:00,DK2,-1700.0,export,-114801.0
2024-07-18 14:00:00,PL,-600.0,export,-74472.0
2024-07-18 14:00:00,LT,-700.0,export,-70427.0
2024-07-18 14:00:00,DE,-615.0,export,-43517.4
2024-07-18 15:00:00,NO1,-2145.0,export,-53753.7
2024-07-18 15:00:00,NO3,-177.68,export,-3939.17
2024-07-18 15:00:00,NO4,600.0,import,3924.0
2024-07-18 15:00:00,FI,1500.0,import,25335.0
2024-07-18 15:00:00,DK1,-740.0,export,-49639.2
2024-07-18 15:00:00,DK2,-1700.0,export,-114801.0
2024-07-18 15:00:00,PL,-600.0,export,-74472.0
2024-07-18 15:00:00,LT,-700.0,export,-70427.0
2024-07-18 15:00:00,DE,-615.0,export,-43517.4
2024-07-18 16:00:00,NO1,-2145.0,export,-53753.7
2024-07-18 16:00:00,NO3,-566.59,export,-12561.3
2024-07-18 16:00:00,NO4,600.0,import,3924.0
2024-07-18 16:00:00,FI,1500.0,import,25335.0
2024-07-18 16:00:00,DK1,-740.0,export,-49639.2
2024-07-18 16:00:00,DK2,-1700.0,export,-114801.0
2024-07-18 16:00:00,PL,-600.0,export,-74472.0
2024-07-18 16:00:00,LT,-700.0,export,-70427.0
2024-07-18 16:00:00,DE,-615.0,export,-43517.4
2024-07-18 17:00:00,NO1,-2145.0,export,-53753.7
2024-07-18 17:00:00,NO3,-589.04,export,-13059.02
2024-07-18 17:00:00,NO4,600.0,import,3924.0
2024-07-18 17:00:00,FI,1500.0,import,25335.0
2024-07-18 17:00:00,DK1,-740.0,export,-49639.2
2024-07-18 17:00:00,DK2,-1700.0,export,-114801.0
2024-07-18 17:00:00,PL,-600.0,export,-74472.0
2024-07-18 17:00:00,LT,-700.0,export,-70427.0
2024-07-18 17:00:00,DE,-615.0,export,-43517.4
2024-07-18 18:00:00,NO1,-2145.0,export,-53753.7
2024-07-18 18:00:00,NO3,-287.13,export,-6365.67
2024-07-18 18:00:00,NO4,600.0,import,3924.0
2024-07-18 18:00:00,FI,1500.0,import,25335.0
2024-07-18 18:00:00,DK1,-740.0,export,-49639.2
2024-07-18 18:00:00,DK2,-1700.0,export,-114801.0
2024-07-18 18:00:00,PL,-600.0,export,-74472.0
2024-07-18 18:00:00,LT,-700.0,export,-70427.0
2024-07-18 18:00:00,DE,-615.0,export,-43517.4
2024-07-18 19:00:00,NO1,-2145.0,export,-53753.7
2024-07-18 19:00:00,NO3,-414.7,export,-9193.9
2024-07-18 19:00:00,NO4,600.0,import,3924.0
2024-07-18 19:00:00,FI,1500.0,import,25335.0
2024-07-18 19:00:00,DK1,-740.0,export,-49639.2
2024-07-18 19:00:00,DK2,-1700.0,export,-114801.0
2024-07-18 19:00:00,PL,-600.0,export,-74472.0
2024-07-18 19:00:00,LT,-700.0,export,-70427.0
2024-07-18 19:00:00,DE,-615.0,export,-43517.4
2024-07-18 20:00:00,NO1,-2145.0,export,-53753.7
2024-07-18 20:00:00,NO3,-118.18,export,-2620.05
2024-07-18 20:00:00,NO4,600.0,import,3924.0
2024-07-18 20:00:00,FI,1500.0,import,25335.0
2024-07-18 20:00:00,DK1,-740.0,export,-49639.2
2024-07-18 20:00:00,DK2,-1700.0,export,-114801.0
2024-07-18 20:00:00,PL,-600.0,export,-74472.0
2024-07-18 20:00:00,LT,-700.0,export,-70427.0
2024-07-18 20:00:00,DE,-615.0,export,-43517.4
2024-07-18 21:00:00,NO1,-2145.0,export,-53753.7
2024-07-18 21:00:00,NO3,-203.87,export,-4519.8
2024-07-18 21:00:00,NO4,600.0,import,3924.0
2024-07-18 21:00:00,FI,1500.0,import,25335.0
2024-07-18 21:00:00,DK1,-740.0,export,-49639.2
2024-07-18 21:00:00,DK2,-1700.0,export,-114801.0
2024-07-18 21:00:00,PL,-600.0,export,-74472.0
2024-07-18 21:00:00,LT,-700.0,export,-70427.0
2024-07-18 21:00:00,DE,-615.0,export,-43517.4
2024-07-18 22:00:00,NO1,-2145.0,export,-53753.7
2024-07-18 22:00:00,NO3,-453.83,export,-10061.41
2024-07-18 22:00:00,NO4,600.0,import,3924.0
2024-07-18 22:00:00,FI,1500.0,import,25335.0
2024-07-18 22:00:00,DK1,-740.0,export,-49639.2
2024-07-18 22:00:00,DK2,-1700.0,export,-114801.0
2024-07-18 22:00:00,PL,-600.0,export,-74472.0
2024-07-18 22:00:00,LT,-700.0,export,-70427.0
2024-07-18 22:00:00,DE,-615.0,export,-43517.4
2024-07-18 23:00:00,NO1,-2145.0,export,-53753.7
2024-07-18 23:00:00,NO3,-528.97,export,-11727.26
2024-07-18 23:00:00,NO4,600.0,import,3924.0
2024-07-18 23:00:00,FI,1500.0,import,25335.0
2024-07-18 23:00:00,DK1,-740.0,export,-49639.2
2024-07-18 23:00:00,DK2,-1700.0,export,-114801.0
2024-07-18 23:00:00,PL,-600.0,export,-74472.0
2024-07-18 23:00:00,LT,-700.0,export,-70427.0
2024-07-18 23:00:00,DE,-615.0,export,-43517.4
2024-07-19 00:00:00,NO1,-2145.0,export,-53753.7
2024-07-19 00:00:00,NO3,-407.92,export,-9043.59
2024-07-19 00:00:00,NO4,600.0,import,3924.0
2024-07-19 00:00:00,FI,1500.0,import,25335.0
2024-07-19 00:00:00,DK1,-740.0,export,-49639.2
2024-07-19 00:00:00,DK2,-1700.0,export,-114801.0
2024-07-19 00:00:00,PL,-600.0,export,-74472.0
2024-07-19 00:00:00,LT,-700.0,export,-70427.0
2024-07-19 00:00:00,DE,-615.0,export,-43517.4
2024-07-19 01:00:00,NO1,-2145.0,export,-53753.7
2024-07-19 01:00:00,NO3,-320.02,export,-7094.84
2024-07-19 01:00:00,NO4,600.0,import,3924.0
2024-07-19 01:00:00,FI,1500.0,import,25335.0
2024-07-19 01:00:00,DK1,-740.0,export,-49639.2
2024-07-19 01:00:00,DK2,-1700.0,export,-114801.0
2024-07-19 01:00:00,PL,-600.0,export,-74472.0
2024-07-19 01:00:00,LT,-700.0,export,-70427.0
2024-07-19 01:00:00,DE,-615.0,export,-43517.4
2024-07-19 02:00:00,NO1,-2145.0,export,-53753.7
2024-07-19 02:00:00,NO3,-588.78,export,-13053.25
2024-07-19 02:00:00,NO4,600.0,import,3924.0
2024-07-19 02:00:00,FI,1500.0,import,25335.0
2024-07-19 02:00:00,DK1,-740.0,export,-49639.2
2024-07-19 02:00:00,DK2,-1700.0,export,-114801.0
2024-07-19 02:00:00,PL,-600.0,export,-74472.0
2024-07-19 02:00:00,LT,-700.0,export,-70427.0
2024-07-19 02:00:00,DE,-615.0,export,-43517.4
2024-07-19 03:00:00,NO1,-2145.0,export,-53753.7
2024-07-19 03:00:00,NO3,-623.84,export,-13830.53
2024-07-19 03:00:00,NO4,600.0,import,3924.0
2024-07-19 03:00:00,FI,1500.0,import,25335.0
2024-07-19 03:00:00,DK1,-740.0,export,-49639.2
2024-07-19 03:00:00,DK2,-1700.0,export,-114801.0
2024-07-19 03:00:00,PL,-600.0,export,-74472.0
2024-07-19 03:00:00,LT,-700.0,export,-70427.0
2024-07-19 03:00:00,DE,-615.0,export,-43517.4
2024-07-19 04:00:00,NO1,-2145.0,export,-53753.7
2024-07-19 04:00:00,NO3,-665.35,export,-14750.81
2024-07-19 04:00:00,NO4,600.0,import,3924.0
2024-07-19 04:00:00,FI,1500.0,import,25335.0
2024-07-19 04:00:00,DK1,-740.0,export,-49639.2
2024-07-19 04:00:00,DK2,-1700.0,export,-114801.0
2024-07-19 04:00:00,PL,-600.0,export,-74472.0
2024-07-19 04:00:00,LT,-700.0,export,-70427.0
2024-07-19 04:00:00,DE,-615.0,export,-43517.4
2024-07-19 05:00:00,NO1,-1788.82,export,-44827.83
2024-07-19 05:00:00,NO3,-387.65,export,-8594.2
2024-07-19 05:00:00,NO4,600.0,import,3924.0
2024-07-19 05:00:00,FI,1500.0,import,25335.0
2024-07-19 05:00:00,DK1,-740.0,export,-49639.2
2024-07-19 05:00:00,DK2,-1700.0,export,-114801.0
2024-07-19 05:00:00,PL,-600.0,export,-74472.0
2024-07-19 05:00:00,LT,-700.0,export,-70427.0
2024-07-19 05:00:00,DE,-615.0,export,-43517.4
2024-07-19 06:00:00,NO1,-1546.93,export,-38766.07
2024-07-19 06:00:00,NO3,-420.9,export,-9331.35
2024-07-19 06:00:00,NO4,600.0,import,3924.0
2024-07-19 06:00:00,FI,1500.0,import,25335.0
2024-07-19 06:00:00,DK1,-740.0,export,-49639.2
2024-07-19 06:00:00,DK2,-1700.0,export,-114801.0
2024-07-19 06:00:00,PL,-600.0,export,-74472.0
2024-07-19 06:00:00,LT,-700.0,export,-70427.0
2024-07-19 06:00:00,DE,-615.0,export,-43517.4
2024-07-19 07:00:00,NO1,-1587.45,export,-39781.5
2024-07-19 07:00:00,NO3,-550.15,export,-12196.83
2024-07-19 07:00:00,NO4,600.0,import,3924.0
2024-07-19 07:00:00,FI,1500.0,import,25335.0
2024-07-19 07:00:00,DK1,-740.0,export,-49639.2
2024-07-19 07:00:00,DK2,-1700.0,export,-114801.0
2024-07-19 07:00:00,PL,-600.0,export,-74472.0
2024-07-19 07:00:00,LT,-700.0,export,-70427.0
2024-07-19 07:00:00,DE,-615.0,export,-43517.4
2024-07-19 08:00:00,NO1,-1896.58,export,-47528.29
2024-07-19 08:00:00,NO3,-194.37,export,-4309.18
2024-07-19 08:00:00,NO4,600.0,import,3924.0
2024-07-19 08:00:00,FI,1500.0,import,25335.0
2024-07-19 08:00:00,DK1,-740.0,export,-49639.2
2024-07-19 08:00:00,DK2,-1700.0,export,-114801.0
2024-07-19 08:00:00,PL,-600.0,export,-74472.0
2024-07-19 08:00:00,LT,-700.0,export,-70427.0
2024-07-19 08:00:00,DE,-615.0,export,-43517.4
2024-07-19 09:00:00,NO1,-2076.27,export,-52031.33
2024-07-19 09:00:00,NO3,225.88,import,5007.76
2024-07-19 09:00:00,NO4,600.0,import,3924.0
2024-07-19 09:00:00,FI,1500.0,import,25335.0
2024-07-19 09:00:00,DK1,-740.0,export,-49639.2
2024-07-19 09:00:00,DK2,-1700.0,export,-114801.0
2024-07-19 09:00:00,PL,-600.0,export,-74472.0
2024-07-19 09:00:00,LT,-700.0,export,-70427.0
2024-07-19 09:00:00,DE,-615.0,export,-43517.4
2024-07-19 10:00:00,NO1,-2145.0,export,-53753.7
2024-07-19 10:00:00,NO3,96.33,import,2135.64
2024-07-19 10:00:00,NO4,600.0,import,3924.0
2024-07-19 10:00:00,FI,1500.0,import,25335.0
2024-07-19 10:00:00,DK1,-740.0,export,-49639.2
2024-07-19 10:00:00,DK2,-1700.0,export,-114801.0
2024-07-19 10:00:00,PL,-600.0,export,-74472.0
2024-07-19 10:00:00,LT,-700.0,export,-70427.0
2024-07-19 10:00:00,DE,-615.0,export,-43517.4
2024-07-19 11:00:00,NO1,-2145.0,export,-53753.7
2024-07-19 11:00:00,NO3,-176.87,export,-3921.21
2024-07-19 11:00:00,NO4,600.0,import,3924.0
2024-07-19 11:00:00,FI,1500.0,import,25335.0
2024-07-19 11:00:00,DK1,-740.0,export,-49639.2
2024-07-19 11:00:00,DK2,-1700.0,export,-114801.0
2024-07-19 11:00:00,PL,-600.0,export,-74472.0
2024-07-19 11:00:00,LT,-700.0,export,-70427.0
2024-07-19 11:00:00,DE,-615.0,export,-43517.4
2024-07-19 12:00:00,NO1,-2145.0,export,-53753.7
2024-07-19 12:00:00,NO3,29.41,import,652.02
2024-07-19 12:00:00,NO4,600.0,import,3924.0
2024-07-19 12:00:00,FI,1500.0,import,25335.0
2024-07-19 12:00:00,DK1,-740.0,export,-49639.2
2024-07-19 12:00:00,DK2,-1700.0,export,-114801.0
2024-07-19 12:00:00,PL,-600.0,export,-74472.0
2024-07-19 12:00:00,LT,-700.0,export,-70427.0
2024-07-19 12:00:00,DE,-615.0,export,-43517.4
2024-07-19 13:00:00,NO1,-2145.0,export,-53753.7
2024-07-19 13:00:00,NO3,-128.47,export,-2848.18
2024-07-19 13:00:00,NO4,600.0,import,3924.0
2024-07-19 13:00:00,FI,1500.0,import,25335.0
2024-07-19 13:00:00,DK1,-740.0,export,-49639.2
2024-07-19 13:00:00,DK2,-1700.0,export,-114801.0
2024-07-19 13:00:00,PL,-600.0,export,-74472.0
2024-07-19 13:00:00,LT,-700.0,export,-70427.0
2024-07-19 13:00:00,DE,-615.0,export,-43517.4
2024-07-19 14:00:00,NO1,-1882.3,export,-47170.44
2024-07-19 14:00:00,NO3,-233.06,export,-5166.94
2024-07-19 14:00:00,NO4,600.0,import,3924.0
2024-07-19 14:00:00,FI,1500.0,import,25335.0
2024-07-19 14:00:00,DK1,-740.0,export,-49639.2
2024-07-19 14:00:00,DK2,-1700.0,export,-114801.0
2024-07-19 14:00:00,PL,-600.0,export,-74472.0
2024-07-19 14:00:00,LT,-700.0,export,-70427.0
2024-07-19 14:00:00,DE,-615.0,export,-43517.4
2024-07-19 15:00:00,NO1,-1433.2,export,-35915.99
2024-07-19 15:00:00,NO3,-693.1,export,-15366.03
2024-07-19 15:00:00,NO4,600.0,import,3924.0
2024-07-19 15:00:00,FI,1368.75,import,23118.19
2024-07-19 15:00:00,DK1,-740.0,export,-49639.2
2024-07-19 15:00:00,DK2,-1700.0,export,-114801.0
2024-07-19 15:00:00,PL,-600.0,export,-74472.0
2024-07-19 15:00:00,LT,-700.0,export,-70427.0
2024-07-19 15:00:00,DE,-615.0,export,-43517.4
2024-07-19 16:00:00,NO1,-1200.33,export,-30080.27
2024-07-19 16:00:00,NO3,-648.05,export,-14367.27
2024-07-19 16:00:00,NO4,600.0,import,3924.0
2024-07-19 16:00:00,FI,1383.5,import,23367.32
2024-07-19 16:00:00,DK1,-740.0,export,-49639.2
2024-07-19 16:00:00,DK2,-1700.0,export,-114801.0
2024-07-19 16:00:00,PL,-600.0,export,-74472.0
2024-07-19 16:00:00,LT,-700.0,export,-70427.0
2024-07-19 16:00:00,DE,-615.0,export,-43517.4
2024-07-19 17:00:00,NO1,-937.02,export,-23481.72
2024-07-19 17:00:00,NO3,-546.08,export,-12106.59
2024-07-19 17:00:00,NO4,600.0,import,3924.0
2024-07-19 17:00:00,FI,1493.96,import,25232.98
2024-07-19 17:00:00,DK1,-740.0,export,-49639.2
2024-07-19 17:00:00,DK2,-1700.0,export,-114801.0
2024-07-19 17:00:00,PL,-600.0,export,-74472.0
2024-07-19 17:00:00,LT,-700.0,export,-70427.0
2024-07-19 17:00:00,DE,-615.0,export,-43517.4
2024-07-19 18:00:00,NO1,-873.36,export,-21886.4
2024-07-19 18:00:00,NO3,-402.35,export,-8920.1
2024-07-19 18:00:00,NO4,600.0,import,3924.0
2024-07-19 18:00:00,FI,1500.0,import,25335.0
2024-07-19 18:00:00,DK1,-740.0,export,-49639.2
2024-07-19 18:00:00,DK2,-1700.0,export,-114801.0
2024-07-19 18:00:00,PL,-600.0,export,-74472.0
2024-07-19 18:00:00,LT,-700.0,export,-70427.0
2024-07-19 18:00:00,DE,-615.0,export,-43517.4
2024-07-19 19:00:00,NO1,-1203.85,export,-30168.48
2024-07-19 19:00:00,NO3,-387.07,export,-8581.34
2024-07-19 19:00:00,NO4,600.0,import,3924.0
2024-07-19 19:00:00,FI,1500.0,import,25335.0
2024-07-19 19:00:00,DK1,-740.0,export,-49639.2
2024-07-19 19:00:00,DK2,-1700.0,export,-114801.0
2024-07-19 19:00:00,PL,-600.0,export,-74472.0
2024-07-19 19:00:00,LT,-700.0,export,-70427.0
2024-07-19 19:00:00,DE,-615.0,export,-43517.4
2024-07-19 20:00:00,NO1,-1402.69,export,-35151.41
2024-07-19 20:00:00,NO3,-208.03,export,-4612.03
2024-07-19 20:00:00,NO4,600.0,import,3924.0
2024-07-19 20:00:00,FI,1500.0,import,25335.0
2024-07-19 20:00:00,DK1,-740.0,export,-49639.2
2024-07-19 20:00:00,DK2,-1700.0,export,-114801.0
2024-07-19 20:00:00,PL,-600.0,export,-74472.0
2024-07-19 20:00:00,LT,-700.0,export,-70427.0
2024-07-19 20:00:00,DE,-615.0,export,-43517.4
2024-07-19 21:00:00,NO1,-1886.93,export,-47286.47
2024-07-19 21:00:00,NO3,329.62,import,7307.68
2024-07-19 21:00:00,NO4,600.0,import,3924.0
2024-07-19 21:00:00,FI,1500.0,import,25335.0
2024-07-19 21:00:00,DK1,-740.0,export,-49639.2
2024-07-19 21:00:00,DK2,-1700.0,export,-114801.0
2024-07-19 21:00:00,PL,-600.0,export,-74472.0
2024-07-19 21:00:00,LT,-700.0,export,-70427.0
2024-07-19 21:00:00,DE,-615.0,export,-43517.4
2024-07-19 22:00:00,NO1,-2145.0,export,-53753.7
2024-07-19 22:00:00,NO3,464.92,import,10307.28
2024-07-19 22:00:00,NO4,600.0,import,3924.0
2024-07-19 22:00:00,FI,1500.0,import,25335.0
2024-07-19 22:00:00,DK1,-740.0,export,-49639.2
2024-07-19 22:00:00,DK2,-1700.0,export,-114801.0
2024-07-19 22:00:00,PL,-600.0,export,-74472.0
2024-07-19 22:00:00,LT,-700.0,export,-70427.0
2024-07-19 22:00:00,DE,-615.0,export,-43517.4
2024-07-19 23:00:00,NO1,-2145.0,export,-53753.7
2024-07-19 23:00:00,NO3,192.37,import,4264.84
2024-07-19 23:00:00,NO4,600.0,import,3924.0
2024-07-19 23:00:00,FI,1500.0,import,25335.0
2024-07-19 23:00:00,DK1,-740.0,export,-49639.2
2024-07-19 23:00:00,DK2,-1700.0,export,-114801.0
2024-07-19 23:00:00,PL,-600.0,export,-74472.0
2024-07-19 23:00:00,LT,-700.0,export,-70427.0
2024-07-19 23:00:00,DE,-615.0,export,-43517.4
2024-07-20 00:00:00,NO1,-2145.0,export,-53753.7
2024-07-20 00:00:00,NO3,229.39,import,5085.58
2024-07-20 00:00:00,NO4,600.0,import,3924.0
2024-07-20 00:00:00,FI,1500.0,import,25335.0
2024-07-20 00:00:00,DK1,-740.0,export,-49639.2
2024-07-20 00:00:00,DK2,-1700.0,export,-114801.0
2024-07-20 00:00:00,PL,-600.0,export,-74472.0
2024-07-20 00:00:00,LT,-700.0,export,-70427.0
2024-07-20 00:00:00,DE,-615.0,export,-43517.4
2024-07-20 01:00:00,NO1,-2145.0,export,-53753.7
2024-07-20 01:00:00,NO3,325.49,import,7216.11
2024-07-20 01:00:00,NO4,600.0,import,3924.0
2024-07-20 01:00:00,FI,1500.0,import,25335.0
2024-07-20 01:00:00,DK1,-740.0,export,-49639.2
2024-07-20 01:00:00,DK2,-1700.0,export,-114801.0
2024-07-20 01:00:00,PL,-600.0,export,-74472.0
2024-07-20 01:00:00,LT,-700.0,export,-70427.0
2024-07-20 01:00:00,DE,-615.0,export,-43517.4
2024-07-20 02:00:00,NO1,-2145.0,export,-53753.7
2024-07-20 02:00:00,NO3,254.28,import,5637.39
2024-07-20 02:00:00,NO4,600.0,import,3924.0
2024-07-20 02:00:00,FI,1500.0,import,25335.0
2024-07-20 02:00:00,DK1,-740.0,export,-49639.2
2024-07-20 02:00:00,DK2,-1700.0,export,-114801.0
2024-07-20 02:00:00,PL,-600.0,export,-74472.0
2024-07-20 02:00:00,LT,-700.0,export,-70427.0
2024-07-20 02:00:00,DE,-615.0,export,-43517.4
2024-07-20 03:00:00,NO1,-2145.0,export,-53753.7
2024-07-20 03:00:00,NO3,191.44,import,4244.22
2024-07-20 03:00:00,NO4,600.0,import,3924.0
2024-07-20 03:00:00,FI,1500.0,import,25335.0
2024-07-20 03:00:00,DK1,-740.0,export,-49639.2
2024-07-20 03:00:00,DK2,-1700.0,export,-114801.0
2024-07-20 03:00:00,PL,-600.0,export,-74472.0
2024-07-20 03:00:00,LT,-700.0,export,-70427.0
2024-07-20 03:00:00,DE,-615.0,export,-43517.4
2024-07-20 04:00:00,NO1,-2145.0,export,-53753.7
2024-07-20 04:00:00,NO3,416.0,import,9222.72
2024-07-20 04:00:00,NO4,600.0,import,3924.0
2024-07-20 04:00:00,FI,1500.0,import,25335.0
2024-07-20 04:00:00,DK1,-740.0,export,-49639.2
2024-07-20 04:00:00,DK2,-1700.0,export,-114801.0
2024-07-20 04:00:00,PL,-600.0,export,-74472.0
2024-07-20 04:00:00,LT,-700.0,export,-70427.0
2024-07-20 04:00:00,DE,-615.0,export,-43517.4
2024-07-20 05:00:00,NO1,-2145.0,export,-53753.7
2024-07-20 05:00:00,NO3,883.11,import,19578.55
2024-07-20 05:00:00,NO4,600.0,import,3924.0
2024-07-20 05:00:00,FI,1500.0,import,25335.0
2024-07-20 05:00:00,DK1,-740.0,export,-49639.2
2024-07-20 05:00:00,DK2,-1700.0,export,-114801.0
2024-07-20 05:00:00,PL,-600.0,export,-74472.0
2024-07-20 05:00:00,LT,-700.0,export,-70427.0
2024-07-20 05:00:00,DE,-615.0,export,-43517.4
2024-07-20 06:00:00,NO1,-2145.0,export,-53753.7
2024-07-20 06:00:00,NO3,856.69,import,18992.82
2024-07-20 06:00:00,NO4,600.0,import,3924.0
2024-07-20 06:00:00,FI,1500.0,import,25335.0
2024-07-20 06:00:00,DK1,-740.0,export,-49639.2
2024-07-20 06:00:00,DK2,-1700.0,export,-114801.0
2024-07-20 06:00:00,PL,-600.0,export,-74472.0
2024-07-20 06:00:00,LT,-700.0,export,-70427.0
2024-07-20 06:00:00,DE,-615.0,export,-43517.4
2024-07-20 07:00:00,NO1,-2083.46,export,-52211.51
2024-07-20 07:00:00,NO3,1000.0,import,22170.0
2024-07-20 07:00:00,NO4,600.0,import,3924.0
2024-07-20 07:00:00,FI,1500.0,import,25335.0
2024-07-20 07:00:00,DK1,-740.0,export,-49639.2
2024-07-20 07:00:00,DK2,-1700.0,export,-114801.0
2024-07-20 07:00:00,PL,-600.0,export,-74472.0
2024-07-20 07:00:00,LT,-700.0,export,-70427.0
2024-07-20 07:00:00,DE,-615.0,export,-43517.4
2024-07-20 08:00:00,NO1,-465.06,export,-11654.4
2024-07-20 08:00:00,NO3,1000.0,import,22170.0
2024-07-20 08:00:00,NO4,600.0,import,3924.0
2024-07-20 08:00:00,FI,1500.0,import,25335.0
2024-07-20 08:00:00,DK1,-740.0,export,-49639.2
2024-07-20 08:00:00,DK2,-1700.0,export,-114801.0
2024-07-20 08:00:00,PL,-600.0,export,-74472.0
2024-07-20 08:00:00,LT,-700.0,export,-70427.0
2024-07-20 08:00:00,DE,-615.0,export,-43517.4
2024-07-20 09:00:00,NO1,268.87,import,6737.88
2024-07-20 09:00:00,NO3,1000.0,import,22170.0
2024-07-20 09:00:00,NO4,600.0,import,3924.0
2024-07-20 09:00:00,FI,1500.0,import,25335.0
2024-07-20 09:00:00,DK1,-740.0,export,-49639.2
2024-07-20 09:00:00,DK2,-1700.0,export,-114801.0
2024-07-20 09:00:00,PL,-600.0,export,-74472.0
2024-07-20 09:00:00,LT,-700.0,export,-70427.0
2024-07-20 09:00:00,DE,-615.0,export,-43517.4
2024-07-20 10:00:00,NO1,646.19,import,16193.52
2024-07-20 10:00:00,NO3,1000.0,import,22170.0
2024-07-20 10:00:00,NO4,600.0,import,3924.0
2024-07-20 10:00:00,FI,1500.0,import,25335.0
2024-07-20 10:00:00,DK1,-740.0,export,-49639.2
2024-07-20 10:00:00,DK2,-1700.0,export,-114801.0
2024-07-20 10:00:00,PL,-600.0,export,-74472.0
2024-07-20 10:00:00,LT,-700.0,export,-70427.0
2024-07-20 10:00:00,DE,-615.0,export,-43517.4
2024-07-20 11:00:00,NO1,697.51,import,17479.6
2024-07-20 11:00:00,NO3,1000.0,import,22170.0
2024-07-20 11:00:00,NO4,600.0,import,3924.0
2024-07-20 11:00:00,FI,1500.0,import,25335.0
2024-07-20 11:00:00,DK1,-740.0,export,-49639.2
2024-07-20 11:00:00,DK2,-1700.0,export,-114801.0
2024-07-20 11:00:00,PL,-600.0,export,-74472.0
2024-07-20 11:00:00,LT,-700.0,export,-70427.0
2024-07-20 11:00:00,DE,-615.0,export,-43517.4
2024-07-20 12:00:00,NO1,708.56,import,17756.51
2024-07-20 12:00:00,NO3,1000.0,import,22170.0
2024-07-20 12:00:00,NO4,600.0,import,3924.0
2024-07-20 12:00:00,FI,1500.0,import,25335.0
2024-07-20 12:00:00,DK1,-740.0,export,-49639.2
2024-07-20 12:00:00,DK2,-1700.0,export,-114801.0
2024-07-20 12:00:00,PL,-600.0,export,-74472.0
2024-07-20 12:00:00,LT,-700.0,export,-70427.0
2024-07-20 12:00:00,DE,-615.0,export,-43517.4
2024-07-20 13:00:00,NO1,349.15,import,8749.7
2024-07-20 13:00:00,NO3,1000.0,import,22170.0
2024-07-20 13:00:00,NO4,600.0,import,3924.0
2024-07-20 13:00:00,FI,1500.0,import,25335.0
2024-07-20 13:00:00,DK1,-740.0,export,-49639.2
2024-07-20 13:00:00,DK2,-1700.0,export,-114801.0
2024-07-20 13:00:00,PL,-600.0,export,-74472.0
2024-07-20 13:00:00,LT,-700.0,export,-70427.0
2024-07-20 13:00:00,DE,-615.0,export,-43517.4
2024-07-20 14:00:00,NO1,-652.52,export,-16352.15
2024-07-20 14:00:00,NO3,1000.0,import,22170.0
2024-07-20 14:00:00,NO4,600.0,import,3924.0
2024-07-20 14:00:00,FI,1500.0,import,25335.0
2024-07-20 14:00:00,DK1,-740.0,export,-49639.2
2024-07-20 14:00:00,DK2,-1700.0,export,-114801.0
2024-07-20 14:00:00,PL,-600.0,export,-74472.0
2024-07-20 14:00:00,LT,-700.0,export,-70427.0
2024-07-20 14:00:00,DE,-615.0,export,-43517.4
2024-07-20 15:00:00,NO1,-1539.21,export,-38572.6
2024-07-20 15:00:00,NO3,1000.0,import,22170.0
2024-07-20 15:00:00,NO4,600.0,import,3924.0
2024-07-20 15:00:00,FI,1126.0,import,19018.14
2024-07-20 15:00:00,DK1,-740.0,export,-49639.2
2024-07-20 15:00:00,DK2,-1700.0,export,-114801.0
2024-07-20 15:00:00,PL,-600.0,export,-74472.0
2024-07-20 15:00:00,LT,-700.0,export,-70427.0
2024-07-20 15:00:00,DE,-615.0,export,-43517.4
2024-07-20 16:00:00,NO1,-1262.35,export,-31634.49
2024-07-20 16:00:00,NO3,918.85,import,20370.9
2024-07-20 16:00:00,NO4,600.0,import,3924.0
2024-07-20 16:00:00,FI,1320.85,import,22309.16
2024-07-20 16:00:00,DK1,-740.0,export,-49639.2
2024-07-20 16:00:00,DK2,-1700.0,export,-114801.0
2024-07-20 16:00:00,PL,-600.0,export,-74472.0
2024-07-20 16:00:00,LT,-700.0,export,-70427.0
2024-07-20 16:00:00,DE,-615.0,export,-43517.4
2024-07-20 17:00:00,NO1,-1016.73,export,-25479.25
2024-07-20 17:00:00,NO3,829.55,import,18391.12
2024-07-20 17:00:00,NO4,600.0,import,3924.0
2024-07-20 17:00:00,FI,1151.04,import,19441.07
2024-07-20 17:00:00,DK1,-740.0,export,-49639.2
2024-07-20 17:00:00,DK2,-1700.0,export,-114801.0
2024-07-20 17:00:00,PL,-600.0,export,-74472.0
2024-07-20 17:00:00,LT,-700.0,export,-70427.0
2024-07-20 17:00:00,DE,-615.0,export,-43517.4
2024-07-20 18:00:00,NO1,-1064.32,export,-26671.86
2024-07-20 18:00:00,NO3,654.86,import,14518.25
2024-07-20 18:00:00,NO4,600.0,import,3924.0
2024-07-20 18:00:00,FI,1325.13,import,22381.45
2024-07-20 18:00:00,DK1,-740.0,export,-49639.2
2024-07-20 18:00:00,DK2,-1700.0,export,-114801.0
2024-07-20 18:00:00,PL,-600.0,export,-74472.0
2024-07-20 18:00:00,LT,-700.0,export,-70427.0
2024-07-20 18:00:00,DE,-615.0,export,-43517.4
2024-07-20 19:00:00,NO1,-1227.39,export,-30758.39
2024-07-20 19:00:00,NO3,743.61,import,16485.83
2024-07-20 19:00:00,NO4,600.0,import,3924.0
2024-07-20 19:00:00,FI,1500.0,import,25335.0
2024-07-20 19:00:00,DK1,-740.0,export,-49639.2
2024-07-20 19:00:00,DK2,-1700.0,export,-114801.0
2024-07-20 19:00:00,PL,-600.0,export,-74472.0
2024-07-20 19:00:00,LT,-700.0,export,-70427.0
2024-07-20 19:00:00,DE,-615.0,export,-43517.4
2024-07-20 20:00:00,NO1,-1204.57,export,-30186.52
2024-07-20 20:00:00,NO3,847.41,import,18787.08
2024-07-20 20:00:00,NO4,600.0,import,3924.0
2024-07-20 20:00:00,FI,1500.0,import,25335.0
2024-07-20 20:00:00,DK1,-740.0,export,-49639.2
2024-07-20 20:00:00,DK2,-1700.0,export,-114801.0
2024-07-20 20:00:00,PL,-600.0,export,-74472.0
2024-07-20 20:00:00,LT,-700.0,export,-70427.0
2024-07-20 20:00:00,DE,-615.0,export,-43517.4
2024-07-20 21:00:00,NO1,-1394.76,export,-34952.69
2024-07-20 21:00:00,NO3,1000.0,import,22170.0
2024-07-20 21:00:00,NO4,600.0,import,3924.0
2024-07-20 21:00:00,FI,1500.0,import,25335.0
2024-07-20 21:00:00,DK1,-740.0,export,-49639.2
2024-07-20 21:00:00,DK2,-1700.0,export,-114801.0
2024-07-20 21:00:00,PL,-600.0,export,-74472.0
2024-07-20 21:00:00,LT,-700.0,export,-70427.0
2024-07-20 21:00:00,DE,-615.0,export,-43517.4
2024-07-20 22:00:00,NO1,-1328.38,export,-33289.2
2024-07-20 22:00:00,NO3,1000.0,import,22170.0
2024-07-20 22:00:00,NO4,600.0,import,3924.0
2024-07-20 22:00:00,FI,1500.0,import,25335.0
2024-07-20 22:00:00,DK1,-740.0,export,-49639.2
2024-07-20 22:00:00,DK2,-1700.0,export,-114801.0
2024-07-20 22:00:00,PL,-600.0,export,-74472.0
2024-07-20 22:00:00,LT,-700.0,export,-70427.0
2024-07-20 22:00:00,DE,-615.0,export,-43517.4
2024-07-20 23:00:00,NO1,-1294.23,export,-32433.4
2024-07-20 23:00:00,NO3,1000.0,import,22170.0
2024-07-20 23:00:00,NO4,600.0,import,3924.0
2024-07-20 23:00:00,FI,1500.0,import,25335.0
2024-07-20 23:00:00,DK1,-740.0,export,-49639.2
2024-07-20 23:00:00,DK2,-1700.0,export,-114801.0
2024-07-20 23:00:00,PL,-600.0,export,-74472.0
2024-07-20 23:00:00,LT,-700.0,export,-70427.0
2024-07-20 23:00:00,DE,-615.0,export,-43517.4
2024-07-21 00:00:00,NO1,-1370.86,export,-34353.75
2024-07-21 00:00:00,NO3,1000.0,import,22170.0
2024-07-21 00:00:00,NO4,600.0,import,3924.0
2024-07-21 00:00:00,FI,1500.0,import,25335.0
2024-07-21 00:00:00,DK1,-740.0,export,-49639.2
2024-07-21 00:00:00,DK2,-1700.0,export,-114801.0
2024-07-21 00:00:00,PL,-600.0,export,-74472.0
2024-07-21 00:00:00,LT,-700.0,export,-70427.0
2024-07-21 00:00:00,DE,-615.0,export,-43517.4
2024-07-21 01:00:00,NO1,-1331.69,export,-33372.15
2024-07-21 01:00:00,NO3,1000.0,import,22170.0
2024-07-21 01:00:00,NO4,600.0,import,3924.0
2024-07-21 01:00:00,FI,1500.0,import,25335.0
2024-07-21 01:00:00,DK1,-740.0,export,-49639.2
2024-07-21 01:00:00,DK2,-1700.0,export,-114801.0
2024-07-21 01:00:00,PL,-600.0,export,-74472.0
2024-07-21 01:00:00,LT,-700.0,export,-70427.0
2024-07-21 01:00:00,DE,-615.0,export,-43517.4
2024-07-21 02:00:00,NO1,-1588.25,export,-39801.54
2024-07-21 02:00:00,NO3,1000.0,import,22170.0
2024-07-21 02:00:00,NO4,600.0,import,3924.0
2024-07-21 02:00:00,FI,1500.0,import,25335.0
2024-07-21 02:00:00,DK1,-740.0,export,-49639.2
2024-07-21 02:00:00,DK2,-1700.0,export,-114801.0
2024-07-21 02:00:00,PL,-600.0,export,-74472.0
2024-07-21 02:00:00,LT,-700.0,export,-70427.0
2024-07-21 02:00:00,DE,-615.0,export,-43517.4
2024-07-21 03:00:00,NO1,-1984.24,export,-49725.05
2024-07-21 03:00:00,NO3,1000.0,import,22170.0
2024-07-21 03:00:00,NO4,600.0,import,3924.0
2024-07-21 03:00:00,FI,1500.0,import,25335.0
2024-07-21 03:00:00,DK1,-740.0,export,-49639.2
2024-07-21 03:00:00,DK2,-1700.0,export,-114801.0
2024-07-21 03:00:00,PL,-600.0,export,-74472.0
2024-07-21 03:00:00,LT,-700.0,export,-70427.0
2024-07-21 03:00:00,DE,-615.0,export,-43517.4
2024-07-21 04:00:00,NO1,-2053.26,export,-51454.7
2024-07-21 04:00:00,NO3,1000.0,import,22170.0
2024-07-21 04:00:00,NO4,600.0,import,3924.0
2024-07-21 04:00:00,FI,1500.0,import,25335.0
2024-07-21 04:00:00,DK1,-740.0,export,-49639.2
2024-07-21 04:00:00,DK2,-1700.0,export,-114801.0
2024-07-21 04:00:00,PL,-600.0,export,-74472.0
2024-07-21 04:00:00,LT,-700.0,export,-70427.0
2024-07-21 04:00:00,DE,-615.0,export,-43517.4
2024-07-21 05:00:00,NO1,-2114.01,export,-52977.09
2024-07-21 05:00:00,NO3,1000.0,import,22170.0
2024-07-21 05:00:00,NO4,600.0,import,3924.0
2024-07-21 05:00:00,FI,1500.0,import,25335.0
2024-07-21 05:00:00,DK1,-740.0,export,-49639.2
2024-07-21 05:00:00,DK2,-1700.0,export,-114801.0
2024-07-21 05:00:00,PL,-600.0,export,-74472.0
2024-07-21 05:00:00,LT,-700.0,export,-70427.0
2024-07-21 05:00:00,DE,-615.0,export,-43517.4
2024-07-21 06:00:00,NO1,-1927.61,export,-48305.91
2024-07-21 06:00:00,NO3,1000.0,import,22170.0
2024-07-21 06:00:00,NO4,600.0,import,3924.0
2024-07-21 06:00:00,FI,1494.65,import,25244.64
2024-07-21 06:00:00,DK1,-740.0,export,-49639.2
2024-07-21 06:00:00,DK2,-1700.0,export,-114801.0
2024-07-21 06:00:00,PL,-600.0,export,-74472.0
2024-07-21 06:00:00,LT,-700.0,export,-70427.0
2024-07-21 06:00:00,DE,-615.0,export,-43517.4
2024-07-21 07:00:00,NO1,-479.33,export,-12012.01
2024-07-21 07:00:00,NO3,1000.0,import,22170.0
2024-07-21 07:00:00,NO4,600.0,import,3924.0
2024-07-21 07:00:00,FI,1500.0,import,25335.0
2024-07-21 07:00:00,DK1,-740.0,export,-49639.2
2024-07-21 07:00:00,DK2,-1700.0,export,-114801.0
2024-07-21 07:00:00,PL,-600.0,export,-74472.0
2024-07-21 07:00:00,LT,-700.0,export,-70427.0
2024-07-21 07:00:00,DE,-615.0,export,-43517.4
2024-07-21 08:00:00,NO1,319.32,import,8002.16
2024-07-21 08:00:00,NO3,1000.0,import,22170.0
2024-07-21 08:00:00,NO4,600.0,import,3924.0
2024-07-21 08:00:00,FI,1500.0,import,25335.0
2024-07-21 08:00:00,DK1,-740.0,export,-49639.2
2024-07-21 08:00:00,DK2,-1700.0,export,-114801.0
2024-07-21 08:00:00,PL,-600.0,export,-74472.0
2024-07-21 08:00:00,LT,-700.0,export,-70427.0
2024-07-21 08:00:00,DE,-615.0,export,-43517.4
2024-07-21 09:00:00,NO1,324.65,import,8135.73
2024-07-21 09:00:00,NO3,1000.0,import,22170.0
2024-07-21 09:00:00,NO4,600.0,import,3924.0
2024-07-21 09:00:00,FI,1500.0,import,25335.0
2024-07-21 09:00:00,DK1,-740.0,export,-49639.2
2024-07-21 09:00:00,DK2,-1700.0,export,-114801.0
2024-07-21 09:00:00,PL,-600.0,export,-74472.0
2024-07-21 09:00:00,LT,-700.0,export,-70427.0
2024-07-21 09:00:00,DE,-615.0,export,-43517.4
2024-07-21 10:00:00,NO1,22.24,import,557.33
2024-07-21 10:00:00,NO3,1000.0,import,22170.0
2024-07-21 10:00:00,NO4,600.0,import,3924.0
2024-07-21 10:00:00,FI,1500.0,import,25335.0
2024-07-21 10:00:00,DK1,-740.0,export,-49639.2
2024-07-21 10:00:00,DK2,-1700.0,export,-114801.0
2024-07-21 10:00:00,PL,-600.0,export,-74472.0
2024-07-21 10:00:00,LT,-700.0,export,-70427.0
2024-07-21 10:00:00,DE,-615.0,export,-43517.4
2024-07-21 11:00:00,NO1,65.67,import,1645.69
2024-07-21 11:00:00,NO3,1000.0,import,22170.0
2024-07-21 11:00:00,NO4,600.0,import,3924.0
2024-07-21 11:00:00,FI,1500.0,import,25335.0
2024-07-21 11:00:00,DK1,-740.0,export,-49639.2
2024-07-21 11:00:00,DK2,-1700.0,export,-114801.0
2024-07-21 11:00:00,PL,-600.0,export,-74472.0
2024-07-21 11:00:00,LT,-700.0,export,-70427.0
2024-07-21 11:00:00,DE,-615.0,export,-43517.4
2024-07-21 12:00:00,NO1,-124.48,export,-3119.47
2024-07-21 12:00:00,NO3,1000.0,import,22170.0
2024-07-21 12:00:00,NO4,600.0,import,3924.0
2024-07-21 12:00:00,FI,1500.0,import,25335.0
2024-07-21 12:00:00,DK1,-740.0,export,-49639.2
2024-07-21 12:00:00,DK2,-1700.0,export,-114801.0
2024-07-21 12:00:00,PL,-600.0,export,-74472.0
2024-07-21 12:00:00,LT,-700.0,export,-70427.0
2024-07-21 12:00:00,DE,-615.0,export,-43517.4
2024-07-21 13:00:00,NO1,-331.69,export,-8312.15
2024-07-21 13:00:00,NO3,1000.0,import,22170.0
2024-07-21 13:00:00,NO4,600.0,import,3924.0
2024-07-21 13:00:00,FI,1500.0,import,25335.0
2024-07-21 13:00:00,DK1,-740.0,export,-49639.2
2024-07-21 13:00:00,DK2,-1700.0,export,-114801.0
2024-07-21 13:00:00,PL,-600.0,export,-74472.0
2024-07-21 13:00:00,LT,-700.0,export,-70427.0
2024-07-21 13:00:00,DE,-615.0,export,-43517.4
2024-07-21 14:00:00,NO1,-1076.73,export,-26982.85
2024-07-21 14:00:00,NO3,1000.0,import,22170.0
2024-07-21 14:00:00,NO4,600.0,import,3924.0
2024-07-21 14:00:00,FI,1500.0,import,25335.0
2024-07-21 14:00:00,DK1,-740.0,export,-49639.2
2024-07-21 14:00:00,DK2,-1700.0,export,-114801.0
2024-07-21 14:00:00,PL,-600.0,export,-74472.0
2024-07-21 14:00:00,LT,-700.0,export,-70427.0
2024-07-21 14:00:00,DE,-615.0,export,-43517.4
2024-07-21 15:00:00,NO1,-1784.6,export,-44722.08
2024-07-21 15:00:00,NO3,770.75,import,17087.53
2024-07-21 15:00:00,NO4,600.0,import,3924.0
2024-07-21 15:00:00,FI,1381.5,import,23333.54
2024-07-21 15:00:00,DK1,-740.0,export,-49639.2
2024-07-21 15:00:00,DK2,-1700.0,export,-114801.0
2024-07-21 15:00:00,PL,-600.0,export,-74472.0
2024-07-21 15:00:00,LT,-700.0,export,-70427.0
2024-07-21 15:00:00,DE,-615.0,export,-43517.4
2024-07-21 16:00:00,NO1,-1396.36,export,-34992.78
2024-07-21 16:00:00,NO3,583.3,import,12931.76
2024-07-21 16:00:00,NO4,600.0,import,3924.0
2024-07-21 16:00:00,FI,1383.0,import,23358.87
2024-07-21 16:00:00,DK1,-740.0,export,-49639.2
2024-07-21 16:00:00,DK2,-1700.0,export,-114801.0
2024-07-21 16:00:00,PL,-600.0,export,-74472.0
2024-07-21 16:00:00,LT,-700.0,export,-70427.0
2024-07-21 16:00:00,DE,-615.0,export,-43517.4
2024-07-21 17:00:00,NO1,-1181.78,export,-29615.41
2024-07-21 17:00:00,NO3,517.27,import,11467.88
2024-07-21 17:00:00,NO4,600.0,import,3924.0
2024-07-21 17:00:00,FI,1405.82,import,23744.3
2024-07-21 17:00:00,DK1,-740.0,export,-49639.2
2024-07-21 17:00:00,DK2,-1700.0,export,-114801.0
2024-07-21 17:00:00,PL,-600.0,export,-74472.0
2024-07-21 17:00:00,LT,-700.0,export,-70427.0
2024-07-21 17:00:00,DE,-615.0,export,-43517.4
2024-07-21 18:00:00,NO1,-1286.87,export,-32248.96
2024-07-21 18:00:00,NO3,576.31,import,12776.79
2024-07-21 18:00:00,NO4,600.0,import,3924.0
2024-07-21 18:00:00,FI,1474.02,import,24896.2
2024-07-21 18:00:00,DK1,-740.0,export,-49639.2
2024-07-21 18:00:00,DK2,-1700.0,export,-114801.0
2024-07-21 18:00:00,PL,-600.0,export,-74472.0
2024-07-21 18:00:00,LT,-700.0,export,-70427.0
2024-07-21 18:00:00,DE,-615.0,export,-43517.4
2024-07-21 19:00:00,NO1,-1508.7,export,-37808.02
2024-07-21 19:00:00,NO3,456.48,import,10120.16
2024-07-21 19:00:00,NO4,600.0,import,3924.0
2024-07-21 19:00:00,FI,1485.34,import,25087.39
2024-07-21 19:00:00,DK1,-740.0,export,-49639.2
2024-07-21 19:00:00,DK2,-1700.0,export,-114801.0
2024-07-21 19:00:00,PL,-600.0,export,-74472.0
2024-07-21 19:00:00,LT,-700.0,export,-70427.0
2024-07-21 19:00:00,DE,-615.0,export,-43517.4
2024-07-21 20:00:00,NO1,-1913.53,export,-47953.06
2024-07-21 20:00:00,NO3,612.05,import,13569.15
2024-07-21 20:00:00,NO4,600.0,import,3924.0
2024-07-21 20:00:00,FI,1500.0,import,25335.0
2024-07-21 20:00:00,DK1,-740.0,export,-49639.2
2024-07-21 20:00:00,DK2,-1700.0,export,-114801.0
2024-07-21 20:00:00,PL,-600.0,export,-74472.0
2024-07-21 20:00:00,LT,-700.0,export,-70427.0
2024-07-21 20:00:00,DE,-615.0,export,-43517.4
2024-07-21 21:00:00,NO1,-2145.0,export,-53753.7
2024-07-21 21:00:00,NO3,714.54,import,15841.35
2024-07-21 21:00:00,NO4,600.0,import,3924.0
2024-07-21 21:00:00,FI,1500.0,import,25335.0
2024-07-21 21:00:00,DK1,-740.0,export,-49639.2
2024-07-21 21:00:00,DK2,-1700.0,export,-114801.0
2024-07-21 21:00:00,PL,-600.0,export,-74472.0
2024-07-21 21:00:00,LT,-700.0,export,-70427.0
2024-07-21 21:00:00,DE,-615.0,export,-43517.4
2024-07-21 22:00:00,NO1,-2145.0,export,-53753.7
2024-07-21 22:00:00,NO3,981.96,import,21770.05
2024-07-21 22:00:00,NO4,600.0,import,3924.0
2024-07-21 22:00:00,FI,1500.0,import,25335.0
2024-07-21 22:00:00,DK1,-740.0,export,-49639.2
2024-07-21 22:00:00,DK2,-1700.0,export,-114801.0
2024-07-21 22:00:00,PL,-600.0,export,-74472.0
2024-07-21 22:00:00,LT,-700.0,export,-70427.0
2024-07-21 22:00:00,DE,-615.0,export,-43517.4
2024-07-21 23:00:00,NO1,-2051.0,export,-51398.06
2024-07-21 23:00:00,NO3,1000.0,import,22170.0
2024-07-21 23:00:00,NO4,600.0,import,3924.0
2024-07-21 23:00:00,FI,1500.0,import,25335.0
2024-07-21 23:00:00,DK1,-740.0,export,-49639.2
2024-07-21 23:00:00,DK2,-1700.0,export,-114801.0
2024-07-21 23:00:00,PL,-600.0,export,-74472.0
2024-07-21 23:00:00,LT,-700.0,export,-70427.0
2024-07-21 23:00:00,DE,-615.0,export,-43517.4
